ndvi,umidade_solo,precipitacao_72h,temperatura_max,inclinacao_terreno,focos_queimadas,dist_rio_km,historico_eventos,bioma,risco
0.5172,55.61,116.8,31.65,16.08,39,1.495,4,Cerrado,1
0.4164,36.71,62.06,25.7,29.07,10,2.273,2,Sul,1
0.3064,17.34,7.47,41.71,4.24,10,0.731,5,Semiárido,0
0.5947,55.64,106.12,29.33,48.86,4,12.943,4,Mata Atlântica,1
0.6702,46.43,57.12,23.3,0.16,55,6.434,3,Amazônia,0
0.6382,26.94,63.87,34.74,16.84,40,0.237,1,Amazônia,1
0.8989,51.52,71.57,38.69,20.3,48,3.986,1,Amazônia,1
0.6185,79.79,141.9,23.12,14.29,5,2.101,5,Sul,1
0.6959,57.05,113.53,30.5,11.79,17,8.445,1,Mata Atlântica,1
0.1791,18.31,34.56,44.05,8.39,6,2.106,5,Semiárido,1
0.6219,8.59,33.51,40.22,7.3,21,5.166,3,Amazônia,0
0.6739,42.8,86.15,21.53,10.52,13,0.906,3,Sul,1
0.2106,21.24,6.31,39.66,6.6,7,4.091,5,Semiárido,0
0.7787,61.24,113.71,38.32,8.49,30,1.74,4,Amazônia,1
0.8193,95.0,193.47,41.62,22.69,27,0.901,3,Amazônia,2
0.9242,91.29,189.75,35.2,8.37,11,4.828,2,Amazônia,1
0.4141,69.61,118.69,34.5,19.64,79,5.089,2,Cerrado,1
0.3561,74.96,155.55,28.39,33.89,10,20.478,2,Mata Atlântica,1
0.6148,45.84,95.85,22.41,8.44,18,5.53,5,Cerrado,0
0.3226,26.72,38.67,25.84,20.44,36,3.625,3,Cerrado,1
0.3151,28.51,52.42,33.69,46.77,4,12.187,0,Mata Atlântica,1
0.6471,82.39,186.41,25.03,0.22,9,8.809,1,Amazônia,1
0.5241,32.29,52.24,39.68,1.72,25,3.979,2,Cerrado,0
0.5914,59.79,107.67,25.76,18.82,78,3.581,4,Cerrado,1
0.6785,58.75,84.93,32.44,13.88,6,14.234,1,Mata Atlântica,1
0.2083,28.25,23.67,34.34,10.14,1,4.8,0,Semiárido,0
0.6737,56.51,80.84,34.08,3.65,51,6.255,4,Amazônia,1
0.7803,17.37,3.54,28.55,31.51,18,0.453,4,Mata Atlântica,1
0.625,28.58,35.01,39.47,44.88,6,6.335,2,Mata Atlântica,1
0.9492,42.56,93.26,30.89,20.73,0,1.537,2,Amazônia,1
0.2035,68.32,125.67,36.0,21.06,8,0.614,1,Mata Atlântica,1
0.89,95.0,209.5,34.72,7.38,4,9.474,2,Amazônia,1
0.7031,34.5,28.25,24.34,23.32,1,5.875,6,Amazônia,0
0.7818,95.0,182.19,34.94,14.23,1,2.618,1,Sul,1
0.6285,95.0,186.83,23.17,13.93,15,2.823,2,Sul,2
0.1639,12.29,23.21,47.71,0.08,5,1.098,3,Semiárido,1
0.6156,49.54,92.74,39.62,11.26,31,0.1,2,Cerrado,1
0.65,65.42,114.37,25.02,21.77,6,2.149,4,Amazônia,1
0.5658,84.36,143.15,23.63,39.28,16,0.803,6,Mata Atlântica,2
0.4575,12.13,7.24,27.89,18.16,67,2.739,7,Cerrado,1
0.8305,67.04,126.93,41.73,16.44,41,8.974,2,Amazônia,1
0.2915,70.19,120.33,22.43,21.57,7,0.609,3,Mata Atlântica,1
0.8961,24.5,51.72,35.46,19.37,29,0.481,9,Amazônia,1
0.5628,95.0,198.76,18.71,26.93,12,11.619,3,Sul,1
0.3667,7.48,9.92,34.93,18.2,25,6.835,4,Cerrado,0
0.6026,57.06,137.29,26.37,10.03,9,0.273,2,Mata Atlântica,2
0.6118,32.89,50.19,26.53,23.95,6,0.415,5,Cerrado,1
0.2006,37.82,31.31,30.61,47.23,17,5.775,4,Mata Atlântica,1
0.6921,52.22,82.57,23.92,21.6,16,2.313,1,Mata Atlântica,1
0.6231,70.16,119.13,23.49,16.87,47,6.44,4,Amazônia,1
0.7264,50.43,88.21,21.16,19.22,5,2.591,4,Sul,1
0.2916,11.23,5.38,44.56,0.21,13,17.177,3,Semiárido,0
0.7874,36.16,84.75,20.69,22.03,4,5.928,1,Sul,1
0.4664,59.86,149.45,29.57,30.13,14,0.239,5,Sul,2
0.5412,65.69,119.05,28.32,46.76,12,2.006,4,Mata Atlântica,1
0.5101,46.78,57.82,17.65,36.64,15,4.146,3,Sul,1
0.7829,34.57,48.01,30.23,12.24,17,0.765,6,Amazônia,1
0.7048,85.05,154.14,26.06,6.44,4,0.1,2,Amazônia,1
0.6269,53.24,67.27,35.96,9.85,16,0.413,4,Amazônia,1
0.6242,61.28,107.03,24.48,21.27,22,3.714,5,Cerrado,1
0.5942,40.87,70.08,40.96,23.18,11,5.002,1,Cerrado,1
0.5655,45.14,91.72,23.8,2.91,13,0.488,0,Cerrado,1
0.2007,38.51,27.13,45.05,19.45,7,5.47,6,Semiárido,1
0.5882,70.43,123.69,38.67,14.46,44,4.8,4,Cerrado,1
0.5001,69.35,147.18,35.61,14.64,71,14.058,4,Cerrado,1
0.625,31.67,68.29,40.25,19.57,13,9.184,4,Mata Atlântica,1
0.6813,31.76,25.81,24.78,5.57,47,14.345,1,Amazônia,0
0.1509,5.0,2.38,39.62,13.28,5,16.923,2,Semiárido,0
0.8812,46.71,48.14,27.04,7.98,20,2.906,5,Amazônia,0
0.7811,59.94,158.37,16.24,28.17,11,3.346,5,Sul,1
0.2158,38.97,38.69,40.57,2.63,1,1.654,3,Semiárido,0
0.9171,43.49,65.1,33.51,3.41,15,3.551,6,Amazônia,0
0.7125,75.9,142.88,22.56,15.37,48,0.817,3,Amazônia,2
0.0756,10.81,4.87,39.8,2.65,7,5.565,4,Semiárido,0
0.3417,35.93,23.78,44.66,14.25,7,0.126,0,Semiárido,1
0.2054,21.93,13.8,45.05,14.71,11,1.344,1,Semiárido,0
0.2343,5.0,1.4,35.69,22.6,0,1.166,2,Semiárido,1
0.8112,36.48,88.5,32.35,15.66,18,13.894,2,Amazônia,1
0.6667,68.6,125.81,30.51,24.64,41,0.783,7,Cerrado,2
0.8267,54.8,98.59,29.36,0.77,36,11.072,3,Amazônia,0
0.5825,45.67,105.22,23.24,33.29,9,0.664,3,Sul,2
0.562,46.45,81.15,23.44,20.73,0,5.259,2,Mata Atlântica,1
0.3005,22.95,38.6,41.2,18.23,27,1.927,6,Cerrado,1
0.7573,30.0,43.83,30.36,9.65,8,1.899,2,Amazônia,1
0.5138,21.93,13.47,28.27,15.28,15,30.0,5,Cerrado,0
0.5701,60.11,83.98,41.48,7.74,3,1.281,2,Cerrado,1
0.2806,21.06,8.34,42.49,3.98,3,1.132,4,Semiárido,0
0.4709,9.11,10.73,34.84,32.66,12,4.45,5,Mata Atlântica,1
0.6922,48.8,78.86,25.28,25.9,10,6.75,2,Sul,1
0.3476,46.84,79.93,36.97,26.35,4,20.229,3,Mata Atlântica,1
0.8879,28.98,65.2,28.71,23.02,44,6.043,1,Amazônia,1
0.0658,24.8,25.55,39.97,3.5,1,4.126,3,Semiárido,0
0.3002,31.9,15.51,47.44,18.39,2,2.631,3,Semiárido,1
0.7506,40.05,65.53,32.47,40.08,2,4.521,2,Mata Atlântica,1
0.0635,5.0,3.01,36.41,3.68,10,4.592,3,Semiárido,0
0.4488,52.2,92.31,27.46,49.55,8,1.228,0,Mata Atlântica,2
0.5829,30.95,67.45,40.77,16.84,18,5.562,2,Mata Atlântica,0
0.3047,60.34,95.55,25.89,9.71,26,1.143,6,Cerrado,1
0.6995,84.15,153.9,23.33,18.83,1,3.366,1,Amazônia,2
0.6468,20.15,25.34,34.89,16.53,14,1.505,3,Amazônia,0
0.8203,58.79,113.17,38.99,24.22,30,1.876,4,Amazônia,1
0.6014,12.19,8.55,41.06,13.43,0,4.758,3,Mata Atlântica,0
0.5321,32.49,49.34,37.34,13.58,36,0.333,1,Cerrado,1
0.4195,24.78,46.1,25.99,46.38,2,0.1,3,Mata Atlântica,1
0.657,5.06,13.56,20.19,6.21,5,0.7,0,Sul,1
0.7789,95.0,196.56,40.39,0.27,9,0.924,4,Amazônia,1
0.3752,71.09,141.18,25.26,24.73,77,1.102,2,Cerrado,2
0.0798,27.62,35.82,34.39,11.99,11,7.435,2,Semiárido,1
0.8474,74.37,136.6,33.11,15.64,39,2.961,2,Amazônia,1
0.6219,35.04,49.41,30.85,9.0,12,3.174,2,Amazônia,0
0.4253,68.46,149.27,41.69,21.31,41,5.169,5,Cerrado,1
0.6013,73.34,168.85,23.19,14.05,33,6.53,3,Amazônia,1
0.6579,75.17,153.73,17.38,33.22,17,0.1,3,Sul,2
0.2603,18.23,11.15,34.59,16.22,19,9.715,2,Semiárido,0
0.2613,45.41,90.71,32.55,41.74,4,22.299,2,Mata Atlântica,1
0.3116,43.62,80.2,25.23,12.69,12,0.649,0,Sul,1
0.1867,28.5,3.27,35.3,20.19,13,5.265,3,Semiárido,1
0.6946,85.64,198.88,29.87,7.24,52,0.1,4,Amazônia,2
0.2612,90.61,190.63,17.82,39.35,17,0.251,4,Sul,2
0.6903,51.16,57.18,37.23,36.86,13,1.677,3,Mata Atlântica,1
0.1454,23.01,29.42,32.8,8.84,18,9.367,3,Semiárido,0
0.3621,61.4,125.51,16.24,35.06,2,5.285,1,Sul,1
0.3629,89.39,154.09,30.51,16.14,9,2.951,4,Cerrado,1
0.9185,74.94,141.9,37.48,17.67,44,2.887,3,Amazônia,1
0.7321,33.69,58.26,38.41,20.56,59,3.137,3,Amazônia,1
0.5602,25.05,29.72,26.89,3.99,24,1.863,4,Cerrado,0
0.2139,11.26,14.35,36.36,23.6,16,10.507,3,Semiárido,0
0.7504,54.39,115.57,27.61,18.36,14,4.195,3,Sul,1
0.7728,95.0,191.6,22.46,21.51,59,3.308,4,Amazônia,2
0.6432,50.52,106.94,32.97,16.87,14,3.128,1,Mata Atlântica,1
0.4954,32.65,49.65,26.49,0.73,40,13.731,1,Cerrado,0
0.8463,95.0,216.97,23.58,14.33,23,6.431,5,Amazônia,1
0.6015,95.0,202.23,36.6,8.12,56,0.782,0,Amazônia,2
0.6934,41.59,49.65,31.96,24.61,51,2.872,6,Cerrado,1
0.2256,50.66,96.58,30.72,33.45,13,1.701,2,Sul,1
0.3175,19.43,11.97,35.28,1.18,42,21.664,4,Cerrado,0
0.2775,32.25,40.28,36.6,23.96,19,2.684,1,Mata Atlântica,1
0.0739,27.36,32.43,34.41,5.42,3,0.351,8,Semiárido,1
0.3225,62.48,123.89,27.27,14.48,69,2.648,1,Cerrado,1
0.5597,77.37,166.3,22.36,34.62,0,1.938,7,Sul,2
0.2207,42.63,62.96,32.31,24.17,13,4.576,1,Sul,1
0.4331,8.99,27.82,38.31,2.22,4,1.281,0,Cerrado,0
0.801,43.7,78.86,32.46,21.63,14,0.183,1,Mata Atlântica,1
0.4051,39.61,110.09,26.54,4.6,44,0.504,5,Cerrado,1
0.3659,46.73,104.32,34.5,18.64,63,1.664,2,Cerrado,1
0.726,95.0,219.89,40.9,19.5,50,2.141,3,Amazônia,2
0.7096,86.03,147.97,23.64,48.56,15,8.992,4,Mata Atlântica,2
0.5375,32.12,36.56,24.19,36.12,10,1.574,5,Mata Atlântica,1
0.7515,95.0,207.67,38.88,22.11,10,0.16,3,Amazônia,2
0.5367,80.13,141.44,24.19,12.45,31,7.587,2,Cerrado,1
0.7777,47.76,67.46,18.36,29.03,0,10.16,2,Sul,1
0.729,95.0,190.16,28.96,22.89,9,3.389,2,Amazônia,2
0.7294,94.78,210.88,31.33,15.28,15,1.677,4,Amazônia,1
0.2345,54.37,101.28,33.39,33.32,10,7.395,2,Mata Atlântica,1
0.7171,30.39,46.58,19.3,16.93,4,0.1,5,Sul,1
0.7458,71.1,156.11,40.26,24.8,17,12.887,4,Amazônia,1
0.3489,46.3,73.41,37.37,49.54,11,10.032,2,Mata Atlântica,1
0.2769,12.38,0.31,42.79,7.03,10,3.935,0,Semiárido,0
0.6742,46.07,71.52,31.53,23.82,41,1.626,6,Amazônia,1
0.1177,26.66,31.75,35.05,24.54,6,0.167,8,Semiárido,1
0.3153,60.46,98.17,41.11,5.78,3,30.0,3,Cerrado,0
0.6005,77.35,151.32,22.08,46.72,11,7.179,2,Mata Atlântica,2
0.5083,60.69,107.96,37.52,17.98,0,2.068,2,Mata Atlântica,1
0.4546,63.76,125.26,22.63,39.48,18,0.1,2,Mata Atlântica,2
0.8127,41.56,79.72,37.22,16.74,21,5.098,1,Amazônia,1
0.3454,27.01,13.86,37.42,7.63,18,21.677,0,Semiárido,0
0.5571,26.69,72.68,29.79,16.87,69,6.139,4,Cerrado,1
0.8281,43.92,59.2,26.82,22.84,38,0.437,3,Amazônia,1
0.8585,67.03,136.39,26.53,12.47,11,2.573,2,Amazônia,1
0.4975,65.58,135.48,31.83,12.18,12,0.578,7,Mata Atlântica,1
0.5373,84.0,158.2,25.42,26.08,18,12.161,7,Mata Atlântica,1
0.7383,17.04,41.71,35.46,24.35,18,2.005,0,Amazônia,1
0.5335,6.77,7.27,29.37,37.5,10,6.61,4,Mata Atlântica,1
0.6697,40.04,81.03,28.46,23.07,13,0.442,2,Amazônia,1
0.3198,36.18,61.5,31.23,44.19,4,0.687,2,Mata Atlântica,1
0.7006,77.6,162.86,32.85,8.43,39,5.689,5,Amazônia,1
0.6957,86.13,139.31,24.84,46.65,13,9.273,1,Mata Atlântica,2
0.6859,26.06,3.7,36.16,19.43,23,1.125,2,Cerrado,1
0.6073,52.48,129.04,17.28,31.62,1,2.709,3,Sul,1
0.7806,30.64,35.83,27.56,0.98,49,4.83,2,Amazônia,0
0.675,84.62,149.05,25.61,3.32,43,7.955,3,Cerrado,1
0.8924,39.42,55.17,37.21,23.41,1,4.947,3,Amazônia,0
0.4521,70.22,144.07,22.07,38.44,18,0.501,3,Sul,2
0.4444,22.86,32.59,24.84,6.29,9,3.913,4,Sul,0
0.3375,40.17,79.54,34.38,20.89,57,10.797,0,Cerrado,1
0.5216,23.68,37.49,26.8,44.87,4,10.126,1,Mata Atlântica,1
0.253,11.95,25.58,34.71,8.79,1,4.398,5,Semiárido,0
0.7686,25.29,35.67,41.63,16.83,5,27.241,5,Mata Atlântica,0
0.3109,49.51,113.37,27.84,11.03,17,0.555,3,Mata Atlântica,1
0.7415,67.65,130.36,40.07,24.71,32,3.256,5,Amazônia,1
0.7858,95.0,215.83,25.56,1.25,24,7.461,3,Amazônia,1
0.3958,41.06,64.7,20.54,18.95,19,0.76,3,Sul,1
0.2121,87.36,182.14,29.67,16.05,3,18.013,3,Sul,1
0.7776,60.71,106.44,23.57,27.85,14,2.185,6,Mata Atlântica,1
0.6744,45.7,59.5,36.67,8.65,74,2.155,3,Cerrado,1
0.5712,81.33,128.95,39.84,17.87,23,1.199,6,Cerrado,1
0.2716,5.0,6.03,43.74,13.49,19,1.699,1,Semiárido,0
0.6957,76.67,161.35,22.66,36.76,5,4.309,6,Sul,2
0.3309,67.54,131.93,17.9,31.11,8,2.805,2,Sul,2
0.1348,16.17,5.48,44.92,11.76,12,1.075,3,Semiárido,1
0.5388,5.0,9.61,36.28,16.4,4,8.281,3,Mata Atlântica,0
0.9416,58.67,124.37,22.53,9.09,18,0.321,0,Amazônia,1
0.6439,59.6,106.82,25.57,4.37,11,8.999,4,Amazônia,0
0.409,82.12,157.17,19.67,27.35,17,1.607,2,Sul,2
0.3038,76.13,138.83,40.67,31.36,6,3.425,2,Mata Atlântica,2
0.8825,59.11,100.24,28.84,11.96,10,2.399,3,Amazônia,1
0.6421,94.12,179.11,34.58,20.21,58,4.227,2,Amazônia,2
0.3087,60.35,107.36,22.24,30.51,13,7.948,4,Mata Atlântica,1
0.6061,31.72,46.8,36.22,22.21,1,22.697,3,Amazônia,1
0.7027,32.46,37.7,34.06,12.85,55,1.827,3,Amazônia,1
0.8344,8.14,35.31,36.31,49.08,18,4.035,6,Mata Atlântica,1
0.4153,25.8,7.58,40.09,13.15,9,3.137,7,Mata Atlântica,0
0.2771,9.87,38.51,24.93,38.99,10,30.0,4,Mata Atlântica,1
0.7301,15.74,31.63,27.23,1.4,21,8.275,3,Amazônia,0
0.1681,10.41,4.88,45.62,2.94,19,2.53,3,Semiárido,0
0.7049,73.51,127.89,25.13,1.59,16,3.24,5,Amazônia,1
0.3893,40.92,120.74,36.41,10.59,68,1.412,3,Cerrado,1
0.2727,23.3,29.75,34.36,13.32,9,7.038,0,Semiárido,0
0.5522,73.42,125.58,35.66,33.39,7,9.328,2,Mata Atlântica,1
0.0675,19.02,2.34,40.78,12.89,3,16.76,1,Semiárido,0
0.6413,21.86,38.37,26.3,32.38,12,4.172,1,Mata Atlântica,1
0.6713,70.31,137.97,35.33,31.81,5,5.554,3,Mata Atlântica,1
0.8731,95.0,218.54,25.73,20.75,15,2.953,4,Amazônia,2
0.5993,66.3,130.77,35.23,17.12,40,4.697,2,Cerrado,1
0.6612,49.13,104.25,31.85,11.84,40,2.144,2,Cerrado,1
0.706,16.31,29.54,29.73,5.4,45,6.691,5,Amazônia,0
0.6594,32.32,41.45,33.93,14.5,4,0.115,2,Sul,1
0.4698,16.15,11.21,40.95,8.54,43,0.144,5,Cerrado,1
0.3259,65.24,112.87,21.84,13.17,13,6.296,6,Sul,0
0.3701,83.74,158.45,33.23,32.11,9,13.345,1,Mata Atlântica,2
0.2494,19.59,8.71,39.54,24.39,14,5.002,4,Semiárido,0
0.4149,40.83,52.38,35.08,37.51,16,6.483,1,Mata Atlântica,1
0.7593,56.23,132.35,41.16,41.59,6,8.684,2,Mata Atlântica,1
0.5079,59.09,123.04,24.13,11.0,19,2.245,1,Mata Atlântica,1
0.93,26.65,40.71,38.93,17.61,8,0.572,5,Amazônia,1
0.0522,18.33,18.72,33.07,7.35,12,13.522,2,Semiárido,0
0.6658,13.23,18.91,38.21,23.82,21,13.949,3,Cerrado,0
0.7906,78.9,135.53,39.11,21.92,26,2.916,5,Amazônia,2
0.7404,86.68,133.85,27.43,29.51,11,1.224,4,Mata Atlântica,2
0.6265,22.16,23.47,30.18,12.23,25,11.145,4,Amazônia,0
0.555,50.71,88.07,15.43,17.54,0,6.162,1,Sul,1
0.3391,23.34,14.39,27.2,7.77,9,0.1,4,Sul,0
0.5091,57.35,137.02,23.46,26.17,1,0.57,3,Sul,2
0.4205,66.89,124.66,24.21,6.13,56,20.432,2,Cerrado,1
0.8178,41.09,51.17,40.29,7.31,10,0.194,5,Amazônia,1
0.8285,13.38,18.75,22.97,26.15,11,1.66,3,Sul,1
0.3685,38.42,84.12,33.51,15.39,37,3.976,2,Cerrado,1
0.7118,35.83,60.1,33.11,39.7,9,1.019,3,Sul,2
0.8397,25.0,34.06,15.33,14.1,19,1.32,3,Sul,1
0.2129,39.21,80.25,21.54,16.28,4,2.177,4,Sul,1
0.3633,87.4,133.39,31.74,1.88,45,1.571,2,Cerrado,2
0.5752,33.92,61.06,22.0,14.82,36,8.132,5,Cerrado,0
0.2263,54.95,119.19,25.65,37.61,14,3.468,7,Sul,2
0.4701,33.49,53.33,22.15,8.98,46,1.633,5,Cerrado,1
0.9211,84.64,148.24,37.47,14.15,48,1.878,3,Amazônia,1
0.2076,54.9,98.48,31.41,44.45,3,0.203,4,Mata Atlântica,2
0.5821,81.03,147.73,19.97,39.68,0,0.253,6,Sul,2
0.5259,71.99,151.71,26.17,34.13,7,6.328,2,Mata Atlântica,1
0.7677,63.62,91.78,34.15,33.76,10,0.599,3,Mata Atlântica,2
0.6218,81.92,148.35,32.74,4.24,4,3.229,2,Amazônia,1
0.643,79.43,134.3,25.28,23.69,11,9.237,3,Mata Atlântica,1
0.6421,87.72,164.55,27.76,6.59,12,2.298,1,Sul,1
0.8208,77.86,134.76,23.34,10.42,15,2.121,3,Amazônia,1
0.8125,70.45,148.36,23.33,47.33,17,10.32,4,Mata Atlântica,1
0.735,25.35,42.42,15.12,27.11,11,10.007,1,Sul,1
0.2038,30.69,21.83,34.44,10.9,9,10.607,0,Semiárido,0
0.5062,65.88,95.49,35.59,13.11,14,4.242,4,Mata Atlântica,1
0.1908,17.83,37.41,44.85,7.4,2,15.215,3,Semiárido,0
0.3412,45.76,74.28,28.85,19.87,47,8.545,2,Cerrado,1
0.5876,30.41,52.49,24.64,3.95,41,2.686,5,Cerrado,1
0.1078,17.47,28.71,35.7,4.46,15,4.965,2,Semiárido,0
0.0887,23.39,24.45,39.77,11.4,1,0.649,3,Semiárido,1
0.8365,48.34,64.28,19.45,36.73,0,4.007,4,Sul,1
0.2576,34.15,45.17,21.65,16.94,3,1.527,1,Sul,1
0.7995,64.67,125.9,33.69,20.33,16,1.667,2,Mata Atlântica,1
0.5122,34.02,43.79,27.52,48.71,6,0.672,0,Mata Atlântica,1
0.0999,10.36,7.13,44.31,15.11,4,2.217,5,Semiárido,1
0.7396,37.73,53.74,27.04,22.73,3,3.283,2,Mata Atlântica,1
0.332,35.03,30.49,40.49,18.31,19,4.586,5,Semiárido,1
0.1529,5.0,19.25,41.75,11.72,19,1.818,3,Semiárido,1
0.4662,27.66,24.82,34.82,13.93,4,7.857,2,Sul,0
0.3123,63.5,144.79,41.31,20.67,11,3.68,2,Cerrado,1
0.6517,66.36,102.38,32.94,8.07,14,5.081,2,Cerrado,0
0.8776,54.83,109.83,28.57,12.11,54,1.63,5,Amazônia,1
0.2708,16.2,35.06,23.91,33.15,5,8.414,2,Mata Atlântica,1
0.6847,92.12,168.42,32.87,5.04,39,4.894,4,Amazônia,1
0.4781,77.91,143.0,39.21,43.95,4,9.915,2,Mata Atlântica,2
0.2641,20.63,40.98,39.33,42.11,7,0.871,3,Mata Atlântica,1
0.3098,30.56,67.28,34.09,11.02,71,2.396,4,Cerrado,1
0.2934,69.2,133.54,29.87,35.77,12,0.6,1,Mata Atlântica,2
0.8491,41.14,89.7,35.01,0.22,9,1.214,3,Amazônia,1
0.9434,86.33,186.6,37.24,7.21,14,2.509,2,Amazônia,1
0.0618,25.32,31.66,40.5,0.35,0,11.249,4,Semiárido,0
0.5609,68.57,145.85,31.53,9.36,71,4.071,4,Cerrado,1
0.7529,52.12,85.17,35.61,1.57,39,2.005,3,Amazônia,1
0.8359,33.32,25.07,39.53,43.77,9,6.87,4,Mata Atlântica,0
0.1903,23.79,32.95,38.18,16.73,10,0.1,1,Semiárido,1
0.8178,40.0,63.71,22.45,22.67,33,2.311,2,Amazônia,1
0.2296,88.3,136.73,24.49,10.92,4,4.592,5,Mata Atlântica,1
0.6665,45.24,98.43,39.06,20.92,1,4.376,2,Amazônia,1
0.8774,95.0,217.91,38.68,0.73,24,4.677,2,Amazônia,1
0.7334,39.9,46.93,29.78,23.18,15,1.188,2,Mata Atlântica,1
0.2832,64.46,104.78,33.69,23.88,1,2.055,3,Mata Atlântica,1
0.8486,23.25,6.42,40.12,26.63,14,13.409,2,Mata Atlântica,0
0.1799,27.1,32.68,42.26,22.06,8,18.244,0,Semiárido,1
0.6707,49.49,97.14,21.28,5.44,16,1.87,5,Sul,1
0.7902,45.57,59.0,26.19,13.16,1,5.171,3,Mata Atlântica,0
0.6418,34.73,34.47,36.61,14.04,44,1.381,4,Cerrado,1
0.3162,27.59,19.25,40.0,6.62,0,2.299,0,Semiárido,0
0.3084,70.95,133.31,39.88,16.08,42,7.859,2,Cerrado,1
0.3892,27.8,51.77,24.98,10.99,67,3.478,2,Cerrado,1
0.8242,84.14,159.75,35.25,0.13,29,9.472,2,Amazônia,1
0.8333,41.38,52.46,34.2,11.92,58,4.954,3,Amazônia,1
0.2348,45.99,61.15,28.87,33.79,8,4.957,4,Sul,1
0.2027,6.61,0.1,47.86,0.35,1,0.172,3,Semiárido,0
0.5459,12.79,0.58,23.19,22.96,6,6.925,4,Mata Atlântica,0
0.4014,56.38,125.07,36.12,16.31,36,19.053,0,Cerrado,0
0.6042,48.17,66.63,29.66,3.95,32,3.203,2,Amazônia,0
0.6032,81.67,171.46,28.41,10.78,42,0.863,2,Amazônia,2
0.5267,87.91,157.58,41.83,24.11,50,18.856,2,Cerrado,2
0.5593,45.03,97.29,33.81,37.81,7,1.713,2,Mata Atlântica,1
0.1337,28.27,22.04,46.55,10.27,10,2.631,3,Semiárido,1
0.8212,40.37,61.16,32.53,47.31,15,0.403,6,Mata Atlântica,2
0.591,69.11,143.79,37.4,3.1,61,0.587,6,Cerrado,1
0.3298,29.98,31.79,27.89,22.49,18,1.22,1,Sul,1
0.2236,8.84,7.83,33.53,7.44,1,3.976,2,Semiárido,0
0.4691,24.9,19.59,41.95,35.02,11,4.08,4,Mata Atlântica,1
0.3513,63.02,121.46,31.2,29.35,10,4.66,6,Mata Atlântica,1
0.5243,39.54,95.29,36.12,20.31,10,4.383,4,Cerrado,1
0.6102,55.61,117.63,37.96,8.77,0,3.418,4,Amazônia,1
0.3802,22.45,34.96,29.52,3.59,8,8.1,5,Cerrado,0
0.1449,24.1,6.94,38.01,14.89,9,13.583,2,Semiárido,0
0.6415,79.6,137.25,41.38,16.16,5,1.572,5,Amazônia,1
0.7011,95.0,159.84,22.65,10.61,6,0.697,3,Amazônia,2
0.7392,80.06,125.04,28.71,17.29,50,2.768,3,Amazônia,1
0.9218,90.7,186.95,31.72,18.67,3,0.134,2,Amazônia,2
0.3625,17.67,20.19,17.07,30.74,2,10.742,1,Sul,1
0.2213,13.99,16.02,41.93,12.56,8,1.37,4,Semiárido,1
0.4278,44.71,88.19,27.72,37.22,6,3.985,4,Mata Atlântica,1
0.7301,11.32,35.32,27.15,0.64,52,0.611,5,Amazônia,1
0.2823,81.25,157.0,38.41,37.09,1,4.029,2,Mata Atlântica,2
0.5677,20.21,45.08,27.56,30.87,7,0.199,4,Mata Atlântica,1
0.9214,43.61,74.53,35.15,6.76,24,7.323,3,Amazônia,1
0.4859,31.51,10.08,38.43,2.28,71,15.553,2,Cerrado,0
0.6283,69.44,139.73,37.85,4.81,47,1.833,3,Cerrado,1
0.4825,52.91,90.97,37.64,41.83,5,1.493,3,Mata Atlântica,2
0.5173,45.26,61.62,23.77,16.2,17,2.971,1,Mata Atlântica,1
0.6879,72.63,132.84,23.6,23.19,2,4.838,5,Amazônia,1
0.3474,81.2,151.48,28.14,4.07,70,1.047,3,Cerrado,2
0.5169,45.66,84.84,22.72,49.53,0,8.131,2,Mata Atlântica,1
0.5759,28.72,45.27,32.01,45.38,11,1.107,5,Mata Atlântica,1
0.648,92.55,198.51,18.18,31.08,7,0.1,0,Sul,2
0.2695,36.46,43.31,33.14,19.9,4,3.714,1,Mata Atlântica,1
0.9214,88.63,203.64,27.98,10.55,0,0.612,1,Amazônia,2
0.6356,61.53,96.27,31.72,20.29,33,5.991,1,Amazônia,1
0.247,61.08,137.07,28.69,17.92,5,0.916,3,Mata Atlântica,1
0.6773,81.13,139.54,25.9,14.31,44,8.502,3,Amazônia,1
0.445,67.28,132.24,34.99,44.3,14,3.178,7,Mata Atlântica,2
0.2652,39.82,87.28,27.13,39.23,3,4.177,3,Sul,1
0.612,32.98,40.37,38.58,15.52,5,1.033,3,Mata Atlântica,1
0.3221,88.95,157.35,39.5,9.93,12,0.793,5,Cerrado,1
0.777,28.6,48.62,36.09,32.91,17,4.989,2,Mata Atlântica,1
0.8225,39.31,51.8,35.75,45.21,9,1.475,0,Mata Atlântica,1
0.764,63.7,158.35,23.13,26.73,12,2.438,2,Mata Atlântica,2
0.2014,72.4,160.52,32.97,29.98,19,3.264,3,Sul,2
0.6893,75.65,121.69,38.25,19.98,50,1.304,2,Cerrado,2
0.7321,19.81,25.51,23.52,34.83,6,7.934,5,Sul,1
0.4381,25.43,66.71,34.44,37.95,7,14.019,5,Sul,1
0.6989,13.87,20.81,24.91,24.04,41,2.827,0,Amazônia,1
0.7236,48.22,100.33,25.9,15.15,55,12.478,2,Amazônia,1
0.9129,34.75,57.36,37.51,20.76,34,10.714,4,Amazônia,1
0.9313,72.89,144.88,27.24,12.86,18,0.908,2,Amazônia,1
0.9124,82.28,155.87,30.98,6.25,16,0.952,3,Amazônia,1
0.5021,41.35,70.19,25.03,14.81,11,3.245,0,Mata Atlântica,1
0.8731,33.65,28.1,35.56,23.08,17,3.731,5,Amazônia,1
0.5174,53.89,89.09,36.57,21.03,26,2.086,4,Cerrado,1
0.2229,24.99,24.93,40.28,4.96,15,1.877,1,Semiárido,0
0.6716,93.9,164.06,37.69,7.92,38,2.823,5,Amazônia,1
0.293,16.83,21.86,44.58,12.92,19,5.864,3,Semiárido,0
0.3179,59.66,131.47,35.84,14.29,67,0.441,3,Cerrado,2
0.716,95.0,197.78,36.6,4.85,19,6.199,4,Amazônia,1
0.6602,32.94,48.08,41.37,11.62,3,13.035,3,Mata Atlântica,0
0.3652,32.58,47.22,26.65,10.59,18,7.209,4,Mata Atlântica,0
0.7604,66.03,134.42,20.89,16.96,8,1.064,3,Sul,1
0.2445,7.14,4.56,47.35,20.98,19,0.458,4,Semiárido,1
0.2033,18.3,3.36,43.95,23.32,16,3.37,2,Semiárido,1
0.384,84.81,147.25,25.39,7.71,34,15.664,4,Cerrado,1
0.7433,48.25,70.35,28.68,21.49,30,8.548,4,Amazônia,1
0.2214,33.68,38.15,47.82,16.65,2,4.136,3,Semiárido,0
0.309,28.8,31.34,33.06,23.94,19,0.771,4,Semiárido,1
0.7761,46.19,77.3,33.38,36.7,3,6.256,2,Sul,1
0.5014,10.26,3.65,41.44,6.74,77,8.383,4,Cerrado,0
0.6207,39.48,43.56,38.2,17.61,77,13.672,0,Cerrado,1
0.2249,24.8,39.14,45.31,23.21,18,4.735,4,Semiárido,1
0.4962,15.62,5.86,40.59,20.61,49,3.613,4,Cerrado,1
0.6846,66.82,139.14,29.82,13.41,15,4.827,4,Sul,1
0.5285,18.33,29.93,19.5,6.19,14,14.346,3,Sul,0
0.4962,38.43,66.69,30.76,17.94,13,4.946,3,Cerrado,0
0.1683,19.7,35.49,44.08,20.03,13,1.489,5,Semiárido,2
0.3101,16.58,0.44,44.12,18.83,3,5.055,1,Semiárido,0
0.6448,64.93,144.57,29.57,16.92,36,10.591,2,Amazônia,1
0.3812,48.23,82.35,28.5,38.26,6,4.185,6,Sul,1
0.3033,79.74,151.1,37.26,37.99,6,3.493,10,Mata Atlântica,2
0.1243,10.93,33.91,37.89,11.96,5,6.609,3,Semiárido,1
0.3177,37.15,67.49,38.3,24.04,38,5.409,4,Cerrado,1
0.2995,95.0,186.92,17.4,23.78,8,0.292,4,Sul,2
0.3521,80.24,146.99,34.42,15.21,42,6.461,2,Cerrado,1
0.6791,43.33,76.93,26.95,24.85,34,2.617,3,Amazônia,1
0.5966,69.93,119.93,16.81,20.49,15,14.142,3,Sul,1
0.7064,46.4,82.0,24.2,6.91,43,17.668,1,Amazônia,1
0.6523,26.38,35.79,38.86,16.4,3,2.978,3,Cerrado,1
0.7104,18.16,13.53,22.77,27.85,16,17.336,5,Sul,0
0.3543,74.63,125.86,34.01,17.85,5,1.861,2,Sul,1
0.3876,41.06,80.21,26.7,34.38,10,5.739,1,Mata Atlântica,1
0.8097,51.49,99.84,28.66,14.74,6,0.39,4,Mata Atlântica,1
0.3979,19.8,33.33,34.53,2.57,35,0.783,3,Cerrado,1
0.5722,65.08,127.03,24.63,7.77,45,9.995,3,Cerrado,1
0.3485,90.37,151.71,30.75,1.9,60,11.211,0,Cerrado,1
0.4719,79.39,142.58,26.09,18.88,12,3.803,2,Mata Atlântica,2
0.1462,10.16,20.26,34.52,4.33,12,2.076,0,Semiárido,0
0.1077,21.03,34.84,42.05,21.43,14,2.999,1,Semiárido,1
0.1428,16.86,8.54,41.48,14.43,14,10.187,2,Semiárido,0
0.8859,31.46,63.17,34.63,1.48,27,1.185,3,Amazônia,1
0.4128,44.05,87.67,40.26,36.96,17,1.747,7,Mata Atlântica,1
0.7298,95.0,207.01,39.36,15.41,17,7.696,1,Amazônia,1
0.7463,44.08,85.76,39.9,34.74,13,13.688,3,Mata Atlântica,1
0.6413,55.09,82.39,23.26,12.83,57,0.488,5,Cerrado,1
0.7451,28.81,19.29,16.7,25.42,13,8.142,1,Sul,0
0.609,9.18,11.11,37.6,8.75,70,5.179,3,Cerrado,0
0.7376,37.92,77.09,40.05,8.4,45,1.312,3,Amazônia,1
0.8067,72.8,143.01,28.23,20.49,51,7.049,1,Amazônia,1
0.0766,16.15,32.7,46.02,7.97,13,6.508,0,Semiárido,0
0.6172,45.05,74.97,30.05,41.64,7,0.766,3,Mata Atlântica,2
0.7906,83.33,164.94,34.68,4.52,21,3.488,1,Amazônia,1
0.8483,62.46,109.06,30.48,23.72,23,7.1,2,Amazônia,1
0.2719,34.23,28.71,45.15,23.33,13,1.063,5,Semiárido,1
0.8732,95.0,179.52,32.93,5.62,29,3.107,3,Amazônia,1
0.3025,14.94,2.26,33.46,13.84,6,0.643,2,Semiárido,1
0.0591,5.0,6.8,37.27,3.43,18,1.832,6,Semiárido,0
0.6148,24.72,24.58,34.67,16.87,19,1.229,2,Amazônia,1
0.6929,95.0,192.46,35.8,4.63,5,3.517,2,Amazônia,1
0.6937,22.57,80.64,20.43,22.96,17,0.761,4,Sul,1
0.6605,36.05,45.17,41.39,20.62,58,2.416,2,Cerrado,1
0.3656,57.49,107.28,35.2,8.14,37,1.609,6,Cerrado,1
0.0718,8.03,10.61,38.17,2.71,3,6.853,5,Semiárido,0
0.6655,47.44,68.27,18.35,23.28,6,6.014,4,Sul,1
0.4563,63.37,87.33,32.15,15.77,7,0.499,2,Sul,1
0.2361,20.13,8.64,40.78,17.09,15,15.34,4,Semiárido,0
0.6728,44.04,81.41,32.55,22.78,27,6.826,1,Cerrado,1
0.9265,44.17,91.78,33.07,12.23,41,4.785,4,Amazônia,1
0.1369,19.24,17.78,32.38,3.2,5,3.248,3,Semiárido,0
0.8191,87.44,155.0,28.97,17.93,0,0.98,4,Mata Atlântica,2
0.5412,54.21,104.08,40.92,7.96,59,16.353,6,Cerrado,1
0.7869,44.03,79.98,17.96,17.74,11,0.1,6,Sul,1
0.9223,59.32,58.83,25.11,13.39,21,5.896,4,Amazônia,0
0.4985,63.93,99.65,41.85,23.09,0,3.541,2,Mata Atlântica,1
0.8551,95.0,193.28,28.05,11.09,19,11.644,1,Amazônia,1
0.4407,37.86,87.0,35.61,23.87,18,2.396,3,Mata Atlântica,1
0.6959,75.21,155.91,26.63,9.21,20,3.656,1,Amazônia,1
0.8825,69.5,129.59,33.0,16.88,27,6.781,2,Amazônia,0
0.6683,26.5,53.91,29.73,8.77,48,0.244,2,Amazônia,1
0.5414,32.14,20.54,41.23,45.53,12,0.28,1,Mata Atlântica,1
0.0704,36.26,32.95,42.38,24.77,19,1.189,2,Semiárido,2
0.7924,10.35,10.15,33.68,32.63,2,0.792,2,Mata Atlântica,1
0.3051,75.37,112.43,25.93,23.3,14,0.1,2,Sul,2
0.3124,18.59,18.96,41.78,14.48,58,4.877,5,Cerrado,0
0.41,49.52,41.36,24.03,15.5,16,7.947,2,Cerrado,0
0.4343,50.35,86.23,23.26,15.32,4,15.746,4,Sul,1
0.9315,91.05,168.16,29.64,2.01,45,2.907,2,Amazônia,2
0.5406,38.54,38.15,17.35,12.74,9,1.641,1,Sul,1
0.7332,34.29,30.95,29.5,9.11,29,9.972,1,Amazônia,0
0.7545,74.01,131.83,29.68,10.45,13,9.302,2,Sul,1
0.8752,73.75,142.74,25.18,7.44,27,4.902,5,Amazônia,1
0.2859,82.03,149.43,24.69,26.08,6,1.595,3,Sul,2
0.664,35.34,70.12,32.93,38.85,16,11.958,3,Mata Atlântica,1
0.483,32.91,47.73,31.06,18.4,16,0.983,4,Sul,1
0.8936,77.12,167.19,32.83,3.59,18,0.223,3,Amazônia,1
0.2325,39.85,97.02,41.46,35.13,6,7.963,0,Mata Atlântica,1
0.5167,52.84,93.36,27.23,22.44,0,4.147,2,Sul,1
0.431,45.11,55.02,31.62,30.58,1,1.415,3,Mata Atlântica,1
0.3635,78.88,135.24,40.32,21.09,9,5.557,1,Mata Atlântica,1
0.6515,15.73,14.06,33.51,32.42,18,7.278,2,Mata Atlântica,1
0.7002,86.37,137.27,24.7,39.52,7,9.307,3,Mata Atlântica,2
0.3591,40.62,77.39,32.95,13.25,8,1.657,4,Mata Atlântica,1
0.2321,55.54,133.94,25.62,30.63,14,0.13,4,Mata Atlântica,2
0.7517,38.49,101.08,24.33,25.89,10,3.567,3,Sul,1
0.6181,87.24,190.71,41.34,4.75,15,9.692,1,Amazônia,1
0.4813,71.2,120.26,29.22,7.34,59,1.165,3,Cerrado,1
0.608,70.66,144.63,27.89,17.57,1,2.733,0,Sul,1
0.4092,21.08,16.25,21.15,38.67,14,1.481,3,Sul,1
0.3602,93.92,155.66,27.71,14.31,9,0.1,2,Mata Atlântica,2
0.2059,7.34,13.52,37.88,31.67,6,11.44,4,Mata Atlântica,1
0.4096,18.81,10.96,34.35,3.87,49,0.725,4,Cerrado,1
0.7388,60.44,101.49,23.28,9.07,21,7.279,3,Amazônia,0
0.5979,55.68,115.64,38.78,11.23,13,2.128,1,Mata Atlântica,1
0.4093,90.72,153.74,25.74,18.82,51,1.626,5,Cerrado,2
0.5436,37.15,64.79,41.58,33.94,6,14.154,2,Mata Atlântica,1
0.7084,18.43,25.29,29.53,10.29,19,5.353,2,Amazônia,0
0.3937,91.2,141.49,32.3,18.81,2,5.807,2,Sul,1
0.2228,89.68,166.09,31.15,30.57,1,7.128,2,Sul,2
0.2242,48.89,69.27,28.89,49.13,2,2.085,1,Mata Atlântica,1
0.2171,56.36,78.16,38.05,45.54,1,4.147,3,Mata Atlântica,1
0.3383,9.49,10.32,31.54,20.94,63,1.575,1,Cerrado,1
0.1976,26.7,14.75,37.67,23.63,12,8.995,7,Semiárido,1
0.7176,36.99,68.21,33.5,16.26,1,4.573,5,Mata Atlântica,0
0.8915,91.49,188.87,40.57,17.16,21,1.395,1,Amazônia,2
0.4944,41.91,74.99,19.83,33.11,18,11.501,1,Sul,1
0.1468,22.58,38.63,36.49,7.63,8,4.348,4,Semiárido,0
0.6635,71.09,119.92,26.48,10.97,4,3.416,2,Sul,1
0.1892,15.43,7.25,43.39,2.44,6,0.175,2,Semiárido,1
0.279,19.08,28.63,26.43,35.9,12,12.029,3,Mata Atlântica,1
0.4793,63.19,105.15,39.23,1.54,27,15.211,1,Cerrado,0
0.4125,83.46,166.46,20.52,27.55,8,4.135,9,Sul,2
0.4876,76.33,151.69,32.95,24.75,1,2.922,4,Sul,2
0.8175,61.77,113.03,23.6,22.9,5,2.228,2,Amazônia,1
0.7169,30.66,37.3,37.32,13.55,35,1.56,4,Amazônia,1
0.4893,35.85,50.01,28.22,6.52,32,4.273,4,Cerrado,0
0.2803,16.91,21.6,39.18,1.49,11,0.685,7,Semiárido,0
0.6809,49.81,72.67,23.35,14.38,3,12.577,1,Sul,1
0.8743,72.69,141.82,27.49,11.97,9,0.968,2,Amazônia,1
0.5472,25.87,46.43,41.06,18.09,4,6.843,7,Mata Atlântica,1
0.6367,54.26,123.22,37.3,0.37,46,1.833,3,Cerrado,1
0.7678,84.18,145.89,31.14,39.55,13,1.281,3,Sul,2
0.1875,22.38,27.01,38.6,8.14,9,4.081,6,Semiárido,0
0.2086,21.67,21.96,34.7,0.76,9,7.244,0,Semiárido,0
0.6968,27.45,19.98,34.23,45.95,4,6.487,7,Mata Atlântica,1
0.6305,77.23,156.3,35.75,12.82,2,1.331,4,Cerrado,2
0.3911,70.68,157.68,22.77,8.33,75,2.006,3,Cerrado,1
0.835,67.6,125.49,27.83,20.14,52,10.156,2,Amazônia,1
0.22,78.4,145.07,19.49,11.23,10,6.423,1,Sul,1
0.2136,13.44,12.2,37.44,0.09,14,6.236,5,Semiárido,0
0.6932,80.39,128.91,23.67,34.41,18,1.566,4,Sul,2
0.8195,55.15,143.1,22.66,15.72,11,7.851,7,Sul,1
0.2352,33.94,32.95,41.95,42.11,15,2.219,1,Mata Atlântica,1
0.099,17.1,1.69,33.91,20.41,11,2.566,3,Semiárido,1
0.4781,95.0,190.56,31.74,24.2,18,1.695,4,Sul,2
0.0937,5.0,21.49,42.34,11.85,2,0.647,3,Semiárido,1
0.9431,88.81,150.79,40.14,1.0,12,2.727,5,Amazônia,1
0.5657,5.0,2.85,32.91,12.26,14,0.1,1,Mata Atlântica,1
0.7815,69.24,139.27,35.62,18.27,16,3.043,3,Amazônia,1
0.268,60.43,113.95,27.5,12.37,10,6.455,2,Sul,0
0.5981,17.82,10.03,34.63,25.66,11,16.188,2,Mata Atlântica,0
0.6397,28.62,29.71,39.58,12.68,1,0.409,4,Amazônia,1
0.6987,18.79,3.62,25.57,38.1,4,1.651,8,Mata Atlântica,1
0.7885,59.43,94.39,36.75,37.13,4,3.407,2,Mata Atlântica,2
0.3403,68.49,124.22,22.51,18.98,9,0.934,5,Cerrado,2
0.748,80.93,148.73,40.52,17.4,29,0.621,3,Amazônia,1
0.7625,5.0,5.49,41.66,35.58,2,3.01,3,Mata Atlântica,1
0.3927,69.91,145.03,29.08,41.06,16,4.346,3,Mata Atlântica,1
0.0907,26.59,20.73,40.61,14.24,1,8.58,2,Semiárido,0
0.483,57.53,89.82,35.17,27.16,14,30.0,3,Mata Atlântica,1
0.4612,90.26,163.83,26.01,11.78,18,7.442,4,Sul,1
0.5742,9.15,7.18,31.65,27.18,9,1.251,6,Mata Atlântica,1
0.5792,58.15,89.91,27.44,38.07,10,6.891,0,Mata Atlântica,1
0.6875,16.59,34.94,33.36,22.52,8,3.852,5,Sul,1
0.4591,74.82,123.65,22.37,17.96,18,2.997,1,Cerrado,1
0.8113,95.0,203.74,23.03,12.29,35,13.723,6,Amazônia,1
0.6269,95.0,199.35,22.32,11.08,15,6.055,4,Amazônia,1
0.1325,12.75,32.83,47.96,13.16,0,5.724,0,Semiárido,1
0.8313,33.78,21.27,33.2,47.78,0,0.1,4,Mata Atlântica,1
0.1523,21.59,31.86,40.71,22.61,13,10.015,6,Semiárido,1
0.6322,36.0,63.88,34.93,19.86,55,7.882,2,Amazônia,1
0.8097,93.2,179.61,39.68,20.03,16,1.776,1,Amazônia,2
0.8183,32.94,62.74,27.55,10.83,18,1.727,0,Amazônia,1
0.6863,53.81,97.67,38.64,1.78,17,0.275,9,Cerrado,1
0.6583,45.91,91.99,35.25,24.42,8,0.261,9,Mata Atlântica,1
0.4925,53.89,108.9,22.68,9.36,52,5.522,2,Cerrado,1
0.4333,38.6,54.34,29.5,21.76,10,1.03,2,Cerrado,1
0.8035,63.45,133.45,19.03,22.35,10,12.855,2,Sul,1
0.5283,26.71,50.28,36.63,3.63,7,9.239,4,Cerrado,0
0.6095,50.81,113.94,27.74,15.04,9,2.145,4,Mata Atlântica,1
0.0696,21.65,34.5,34.97,17.31,17,2.391,5,Semiárido,1
0.5931,21.44,2.08,35.69,14.2,15,1.982,3,Cerrado,0
0.4303,46.59,95.39,29.46,14.0,17,0.485,2,Mata Atlântica,1
0.7889,14.2,22.11,34.72,15.48,17,0.16,3,Sul,1
0.7856,89.16,170.73,25.02,26.19,19,3.009,1,Sul,2
0.9314,58.25,112.67,31.75,19.2,31,14.327,1,Amazônia,1
0.7862,65.23,82.28,15.73,26.38,8,12.46,2,Sul,1
0.2828,44.88,79.59,37.35,11.0,17,8.299,1,Mata Atlântica,1
0.4944,64.93,114.94,36.52,13.17,36,4.952,1,Cerrado,1
0.4664,77.48,131.86,26.03,33.47,18,9.697,5,Mata Atlântica,2
0.844,62.34,98.88,22.91,20.87,19,3.619,5,Sul,1
0.507,36.31,53.78,22.41,15.98,14,0.993,2,Mata Atlântica,1
0.3422,24.98,35.8,29.97,10.31,66,5.763,4,Cerrado,0
0.5444,59.08,72.35,37.28,40.03,10,12.669,3,Mata Atlântica,1
0.838,44.55,77.77,29.99,5.11,14,0.1,5,Amazônia,1
0.7429,34.46,61.58,38.71,2.48,28,1.448,1,Amazônia,1
0.6054,49.98,99.31,41.52,14.47,22,1.542,1,Amazônia,1
0.804,15.39,42.24,34.14,20.14,12,0.521,4,Amazônia,1
0.6886,28.56,26.37,24.9,6.54,37,1.278,2,Amazônia,0
0.7576,60.01,151.36,29.59,10.49,57,2.422,5,Amazônia,1
0.6068,72.56,137.73,22.19,49.59,0,14.053,4,Mata Atlântica,2
0.7397,81.85,161.67,34.05,22.7,34,9.84,2,Amazônia,1
0.6904,77.49,109.05,38.43,3.47,6,14.594,5,Cerrado,1
0.7588,47.14,113.94,25.82,34.66,16,0.642,3,Sul,2
0.6551,15.78,28.58,37.72,32.79,4,0.142,1,Mata Atlântica,1
0.556,38.32,64.7,38.0,35.54,2,0.582,2,Mata Atlântica,1
0.6357,94.14,188.59,39.02,16.4,4,12.284,2,Amazônia,1
0.6029,82.59,169.38,27.33,15.99,1,0.857,0,Amazônia,2
0.7518,36.76,60.31,39.43,9.58,41,4.251,2,Amazônia,0
0.6324,40.04,88.26,35.08,11.7,29,1.291,1,Amazônia,1
0.6953,35.81,50.5,27.79,21.37,23,0.104,0,Cerrado,1
0.9201,54.53,138.83,41.75,4.12,54,0.442,2,Amazônia,1
0.7519,91.72,180.23,41.0,5.79,9,6.186,6,Amazônia,1
0.6905,38.34,72.92,33.49,12.81,8,1.007,1,Amazônia,1
0.335,69.16,112.27,38.86,30.71,8,1.301,4,Mata Atlântica,2
0.8532,95.0,176.78,27.23,14.36,59,2.368,7,Amazônia,2
0.4979,17.98,23.38,30.32,23.02,70,5.354,3,Cerrado,1
0.6864,81.47,132.75,25.68,43.29,5,3.168,3,Mata Atlântica,2
0.7647,54.42,103.29,32.4,47.36,8,14.467,6,Mata Atlântica,1
0.8232,62.6,132.72,31.92,7.55,40,2.847,6,Amazônia,1
0.2512,33.52,21.03,39.15,4.05,10,1.11,4,Semiárido,0
0.291,79.99,144.82,35.46,17.4,10,3.841,3,Mata Atlântica,1
0.632,51.2,90.55,24.36,9.95,6,2.997,5,Amazônia,1
0.4532,41.45,57.1,28.34,18.51,2,7.736,2,Sul,1
0.5323,24.98,28.12,17.44,39.37,10,13.676,1,Sul,1
0.8586,68.2,129.26,30.2,12.82,41,9.048,2,Amazônia,1
0.3969,70.54,156.53,28.39,2.99,65,2.464,3,Cerrado,1
0.2152,25.27,38.35,39.98,10.95,12,1.217,3,Semiárido,1
0.1077,18.73,8.24,43.24,15.76,18,12.296,4,Semiárido,0
0.6948,57.03,105.62,25.27,17.98,32,2.438,1,Amazônia,1
0.6866,95.0,188.52,30.07,16.13,39,7.353,5,Amazônia,1
0.3472,56.99,96.63,40.09,2.98,69,22.795,0,Cerrado,1
0.7868,53.42,110.99,26.49,39.64,8,4.307,2,Mata Atlântica,1
0.8255,27.77,62.31,35.69,12.54,5,3.268,4,Mata Atlântica,1
0.3001,10.86,4.65,24.84,22.0,51,6.018,4,Cerrado,1
0.7448,73.51,148.96,29.08,10.0,9,1.078,1,Mata Atlântica,1
0.1527,22.96,22.59,42.83,1.06,2,3.349,3,Semiárido,0
0.933,93.69,196.76,40.74,16.09,33,1.872,3,Amazônia,1
0.3934,73.71,150.99,30.56,13.7,67,0.897,5,Cerrado,2
0.277,30.57,26.73,45.09,3.88,1,4.71,0,Semiárido,0
0.6826,53.03,92.07,15.29,37.13,15,4.287,5,Sul,1
0.3429,65.8,135.12,24.82,33.26,0,7.161,5,Mata Atlântica,2
0.4394,53.82,96.09,40.79,45.84,1,10.317,5,Mata Atlântica,1
0.6701,67.14,101.45,28.92,11.23,41,1.245,2,Amazônia,1
0.3254,40.8,62.59,22.9,20.69,5,7.564,6,Cerrado,1
0.4886,85.38,155.41,28.01,23.84,16,2.289,2,Mata Atlântica,2
0.8583,21.81,39.22,28.71,10.36,4,4.955,4,Amazônia,0
0.5156,81.33,138.85,23.85,13.19,79,9.494,0,Cerrado,1
0.4152,35.32,14.91,34.4,12.61,79,1.48,1,Cerrado,1
0.7299,54.62,112.1,28.94,23.02,51,4.593,3,Amazônia,1
0.5814,26.07,56.15,34.58,7.32,15,3.273,0,Cerrado,0
0.8046,95.0,199.47,22.13,1.41,30,7.817,5,Amazônia,1
0.4496,25.67,19.06,41.64,22.91,8,5.974,8,Cerrado,0
0.6941,41.0,69.8,25.41,5.43,43,7.34,4,Amazônia,0
0.2482,38.39,80.99,16.74,28.1,11,1.698,3,Sul,1
0.7794,13.74,10.14,36.32,39.38,10,6.093,3,Mata Atlântica,1
0.751,36.51,47.79,25.43,24.03,10,4.655,2,Mata Atlântica,1
0.2377,19.76,28.63,32.1,13.38,7,3.05,2,Semiárido,0
0.6416,65.45,111.3,25.05,18.07,17,2.377,8,Mata Atlântica,1
0.8206,30.77,25.21,26.94,14.59,14,2.014,3,Amazônia,0
0.7375,58.83,103.2,25.36,20.3,17,0.1,0,Mata Atlântica,2
0.7489,37.0,59.9,35.48,21.33,14,0.929,4,Mata Atlântica,1
0.1557,23.01,14.03,42.48,4.22,6,0.304,4,Semiárido,1
0.618,55.54,115.25,32.76,20.08,13,9.431,1,Cerrado,1
0.8273,34.35,70.38,22.95,21.03,42,9.834,1,Amazônia,1
0.5848,17.95,22.18,39.22,17.27,52,9.36,2,Cerrado,1
0.454,41.47,77.89,25.41,16.43,79,8.517,3,Cerrado,1
0.49,21.66,39.79,29.2,24.65,10,1.251,3,Mata Atlântica,1
0.5671,36.87,26.9,23.44,43.11,13,3.384,5,Mata Atlântica,1
0.6851,80.78,117.49,24.74,18.44,55,11.921,3,Cerrado,2
0.2312,74.91,149.03,19.33,29.32,3,7.131,1,Sul,1
0.7733,26.46,34.59,35.85,26.93,0,0.1,4,Mata Atlântica,1
0.7759,52.01,95.74,35.54,4.85,28,3.076,4,Amazônia,1
0.6197,91.12,158.98,33.04,21.03,43,0.1,6,Amazônia,2
0.7719,95.0,183.52,41.05,17.0,33,1.647,6,Amazônia,1
0.9245,54.35,128.85,32.14,11.27,46,2.861,6,Amazônia,1
0.6369,25.83,26.44,30.99,20.65,59,11.17,6,Amazônia,1
0.8676,64.9,143.78,26.95,17.92,8,5.312,2,Amazônia,1
0.3779,51.47,60.28,23.98,22.84,67,2.251,3,Cerrado,1
0.8293,78.65,143.27,32.96,1.92,47,3.373,7,Amazônia,2
0.3398,87.82,185.7,16.97,34.92,1,8.502,1,Sul,2
0.6558,35.14,59.55,32.48,17.67,16,1.781,4,Amazônia,1
0.318,28.57,45.94,26.12,20.66,3,4.773,6,Mata Atlântica,1
0.5552,75.87,135.67,38.76,8.18,66,1.521,1,Cerrado,1
0.7017,95.0,183.9,31.75,35.55,14,3.269,3,Sul,2
0.8325,37.64,81.02,28.45,19.86,3,0.125,2,Amazônia,1
0.5922,33.79,19.98,38.85,12.34,53,9.562,3,Cerrado,0
0.3223,84.41,135.44,32.44,13.15,10,0.248,4,Sul,2
0.3854,36.04,72.69,31.01,38.09,7,1.27,3,Sul,2
0.1206,12.28,3.73,46.97,5.71,16,2.029,1,Semiárido,0
0.3612,52.83,64.12,37.12,23.08,11,4.906,3,Cerrado,1
0.7084,29.29,20.73,26.58,7.95,31,6.365,0,Amazônia,0
0.6756,46.85,86.99,34.5,39.32,13,0.419,2,Mata Atlântica,2
0.4856,45.77,64.36,22.48,28.4,8,0.222,5,Sul,1
0.3936,72.02,83.69,36.82,41.13,9,8.022,3,Mata Atlântica,1
0.4963,47.86,81.44,26.14,49.18,19,6.227,0,Mata Atlântica,1
0.6745,27.93,50.59,38.97,24.89,20,8.906,1,Cerrado,1
0.094,28.74,38.2,35.84,9.04,2,5.643,3,Semiárido,0
0.8763,95.0,200.74,26.33,3.85,16,6.952,6,Amazônia,1
0.6494,29.97,53.16,32.85,7.86,70,2.382,2,Cerrado,1
0.458,82.43,151.57,39.27,8.18,68,4.46,0,Cerrado,1
0.8208,61.43,135.22,41.34,12.86,18,8.184,2,Mata Atlântica,1
0.7144,21.33,36.64,36.96,12.4,17,0.944,4,Amazônia,1
0.724,51.09,77.05,22.11,19.21,13,2.748,2,Amazônia,1
0.7262,23.47,60.52,24.69,39.14,11,6.745,6,Mata Atlântica,1
0.5709,37.65,44.94,23.53,6.28,36,3.803,9,Cerrado,1
0.5106,42.15,106.13,24.02,28.36,4,5.723,4,Mata Atlântica,1
0.6359,61.78,144.38,29.66,21.19,20,1.733,3,Amazônia,1
0.441,51.59,100.27,28.77,24.45,8,0.164,3,Mata Atlântica,1
0.3198,76.41,141.06,24.27,17.27,3,0.148,6,Mata Atlântica,2
0.7761,40.53,43.85,39.64,19.57,38,14.304,3,Amazônia,1
0.6748,40.06,65.11,34.31,14.88,20,14.46,2,Cerrado,0
0.9006,19.71,25.7,37.93,22.65,56,1.187,0,Amazônia,1
0.8369,42.91,62.21,29.43,15.01,49,0.798,4,Amazônia,1
0.583,35.27,70.91,22.91,9.18,5,0.1,1,Sul,1
0.3508,67.46,123.96,28.35,8.91,65,1.315,0,Cerrado,1
0.081,15.68,33.61,47.82,22.07,9,2.035,4,Semiárido,1
0.4222,49.28,84.97,34.21,3.07,63,1.38,1,Cerrado,1
0.2755,74.45,144.08,31.86,26.63,1,7.982,3,Mata Atlântica,1
0.1006,15.84,27.01,33.89,13.44,9,6.92,1,Semiárido,0
0.3867,29.89,40.86,40.0,39.18,4,0.422,2,Mata Atlântica,1
0.8111,42.95,69.7,31.39,31.63,11,5.975,2,Mata Atlântica,1
0.5231,56.95,82.61,26.79,12.64,73,3.676,4,Cerrado,1
0.4518,5.0,15.48,40.9,6.42,78,0.709,2,Cerrado,1
0.2244,42.1,71.97,29.93,16.19,5,6.726,3,Sul,1
0.1065,9.62,12.54,41.42,16.44,14,0.45,6,Semiárido,1
0.327,26.01,19.91,27.8,13.12,7,0.975,3,Sul,1
0.8516,58.0,92.34,23.52,6.9,11,0.808,1,Amazônia,1
0.0932,20.62,14.42,45.52,15.93,18,13.987,2,Semiárido,0
0.6412,40.7,79.93,22.65,34.21,17,5.989,3,Sul,1
0.6565,32.62,34.18,24.95,9.59,1,2.649,3,Amazônia,0
0.6292,76.62,173.5,30.41,20.31,48,8.636,2,Amazônia,2
0.0924,12.43,35.89,36.53,0.06,10,1.216,3,Semiárido,1
0.6509,5.0,6.12,39.09,14.37,3,13.375,7,Mata Atlântica,0
0.243,13.99,9.36,38.75,15.34,5,5.97,2,Semiárido,0
0.6845,68.07,115.87,29.37,13.35,2,4.1,3,Amazônia,1
0.0793,5.0,28.64,41.66,15.75,7,7.915,6,Semiárido,0
0.6369,65.42,98.65,33.82,4.18,47,5.175,7,Amazônia,0
0.6778,39.89,63.45,24.33,17.12,30,10.907,0,Amazônia,1
0.7817,75.56,171.82,36.86,8.39,42,8.835,5,Amazônia,1
0.1562,18.67,17.29,38.55,11.3,7,1.102,5,Semiárido,1
0.6918,53.06,75.5,32.88,30.03,11,1.37,4,Mata Atlântica,2
0.5968,47.46,71.86,24.99,20.66,16,0.337,4,Mata Atlântica,1
0.3388,43.15,53.58,37.74,15.54,19,1.244,1,Cerrado,1
0.3365,65.52,146.18,15.9,5.83,13,2.104,0,Sul,1
0.5811,39.6,72.41,26.45,12.09,32,0.146,4,Cerrado,1
0.1298,15.21,27.75,35.77,8.08,4,1.891,2,Semiárido,0
0.5516,42.68,41.67,40.45,12.2,67,7.382,6,Cerrado,1
0.3611,30.61,34.1,27.95,17.22,59,9.173,5,Cerrado,1
0.3075,95.0,138.79,40.11,20.41,15,0.1,2,Mata Atlântica,2
0.5709,49.81,95.82,23.07,10.36,27,0.1,6,Cerrado,1
0.2997,6.9,5.93,46.45,14.07,7,0.791,0,Semiárido,1
0.5423,78.44,153.09,35.97,44.21,5,10.301,3,Mata Atlântica,2
0.8458,72.99,114.32,25.81,5.23,10,3.168,3,Amazônia,1
0.5767,68.59,135.34,24.43,12.48,19,20.344,7,Sul,1
0.3865,33.67,49.88,24.73,8.82,28,10.917,5,Cerrado,0
0.764,24.32,29.8,28.64,14.25,19,11.042,1,Mata Atlântica,0
0.4932,25.22,32.78,19.7,10.71,9,0.688,5,Sul,1
0.21,39.02,75.33,36.73,48.7,17,3.224,4,Mata Atlântica,1
0.7864,59.52,111.36,36.04,9.43,19,25.25,2,Amazônia,0
0.594,18.91,22.77,21.7,14.48,12,0.807,5,Sul,1
0.5625,31.19,46.75,36.49,27.38,13,4.269,3,Mata Atlântica,1
0.5491,71.56,118.82,35.9,21.26,58,2.11,2,Cerrado,1
0.718,95.0,201.9,35.88,15.83,58,2.454,4,Amazônia,2
0.1649,8.11,10.63,34.72,13.56,14,11.073,7,Semiárido,0
0.3187,48.81,92.29,27.92,38.1,11,4.432,3,Mata Atlântica,1
0.6878,69.68,145.82,28.0,24.86,15,7.11,1,Mata Atlântica,1
0.4204,82.19,155.51,22.96,11.76,6,5.593,2,Sul,1
0.1431,9.08,7.46,37.4,2.37,13,3.765,3,Semiárido,0
0.6715,30.74,41.4,40.24,2.45,18,7.844,4,Amazônia,0
0.3734,25.15,13.92,32.7,6.51,51,17.656,7,Cerrado,0
0.7467,49.05,130.36,28.0,13.3,9,17.029,2,Amazônia,1
0.1024,26.97,28.68,38.27,2.87,8,7.79,4,Semiárido,0
0.8775,27.79,47.25,28.25,23.38,12,3.341,5,Amazônia,1
0.61,30.81,37.67,41.27,31.4,7,0.891,0,Mata Atlântica,1
0.1259,5.0,0.86,45.6,24.29,1,0.227,4,Semiárido,1
0.4298,68.53,107.71,33.9,25.68,17,1.316,5,Sul,1
0.5446,63.73,102.12,24.27,21.29,54,2.08,5,Cerrado,1
0.3237,30.22,34.49,45.2,20.09,11,0.695,4,Semiárido,1
0.6886,59.17,94.22,32.31,22.55,53,1.273,2,Amazônia,2
0.2663,9.98,13.07,37.21,13.2,1,0.436,4,Semiárido,1
0.8532,34.72,65.29,25.7,19.7,19,3.708,1,Amazônia,1
0.5356,24.42,18.49,24.09,1.28,19,0.675,1,Cerrado,0
0.0584,16.81,28.49,34.88,1.9,16,6.789,4,Semiárido,0
0.8875,89.53,149.53,32.14,2.96,14,2.022,1,Amazônia,1
0.8952,95.0,203.36,39.69,22.87,52,5.575,1,Amazônia,2
0.0938,26.58,27.64,45.44,1.53,11,10.707,1,Semiárido,0
0.2969,34.45,16.85,47.67,2.5,10,0.45,4,Semiárido,0
0.3316,72.51,149.94,35.87,33.74,14,22.55,2,Mata Atlântica,1
0.8234,75.58,143.06,38.52,33.46,16,5.182,2,Mata Atlântica,2
0.5266,22.62,9.21,38.15,10.78,19,0.274,1,Mata Atlântica,1
0.6494,29.91,27.05,37.7,19.73,38,1.884,1,Cerrado,1
0.4318,62.26,120.74,24.6,1.01,31,10.869,3,Cerrado,0
0.7632,73.68,149.19,29.94,0.55,14,4.535,2,Amazônia,1
0.2553,60.35,114.88,15.28,12.85,7,1.693,5,Sul,1
0.343,58.1,80.33,41.78,16.39,18,14.108,6,Mata Atlântica,1
0.3072,64.55,124.93,34.05,21.97,44,7.738,3,Cerrado,1
0.6655,26.54,35.0,36.19,23.19,19,6.65,1,Mata Atlântica,1
0.4239,22.5,35.0,18.94,15.57,18,10.965,2,Sul,0
0.6234,95.0,179.72,31.0,9.7,2,7.344,6,Amazônia,1
0.4203,68.13,125.15,24.74,31.93,3,1.69,6,Mata Atlântica,2
0.7326,46.76,98.53,35.38,41.32,14,4.384,1,Mata Atlântica,1
0.285,25.17,50.43,41.2,43.18,16,9.235,4,Mata Atlântica,1
0.9388,17.39,51.44,35.94,18.68,56,0.997,6,Amazônia,1
0.4216,64.85,135.3,25.98,29.52,19,0.89,4,Sul,2
0.4655,26.01,21.26,20.51,22.17,11,0.866,2,Sul,1
0.4267,47.34,58.84,23.93,39.69,9,1.08,6,Mata Atlântica,1
0.6964,65.38,109.76,25.38,38.18,8,0.545,1,Mata Atlântica,2
0.263,83.37,151.66,28.88,28.83,7,9.089,5,Sul,1
0.1398,18.38,20.67,39.57,16.83,7,8.527,3,Semiárido,0
0.949,50.42,75.28,22.24,12.63,30,0.821,2,Amazônia,1
0.2434,12.52,0.51,41.11,47.79,11,6.113,1,Mata Atlântica,1
0.8125,44.95,45.14,31.96,40.95,5,4.931,3,Mata Atlântica,1
0.3161,48.36,86.12,38.73,15.34,13,1.616,1,Cerrado,1
0.0765,32.27,25.35,46.21,16.49,14,1.29,2,Semiárido,1
0.3893,65.07,105.77,34.31,11.15,5,1.442,0,Sul,1
0.4421,83.25,148.2,31.66,18.8,6,6.558,2,Sul,1
0.7047,28.66,76.46,41.95,38.48,5,1.923,1,Mata Atlântica,1
0.7625,47.86,66.94,22.69,8.39,30,1.628,5,Amazônia,0
0.6188,44.91,79.04,22.84,21.72,5,0.114,4,Sul,1
0.3459,14.8,18.38,32.43,10.64,1,11.943,5,Semiárido,0
0.8481,62.53,141.66,29.88,10.15,54,6.986,8,Amazônia,1
0.7416,32.94,50.56,31.97,19.66,14,3.201,1,Sul,1
0.6587,95.0,187.58,22.68,17.76,9,14.317,1,Sul,1
0.5753,49.74,110.35,32.09,37.89,9,1.737,2,Mata Atlântica,2
0.7783,33.05,76.64,30.94,44.93,9,5.615,1,Mata Atlântica,1
0.5987,35.84,48.28,38.36,9.42,37,1.82,3,Cerrado,0
0.8816,31.96,32.97,22.98,8.51,21,1.889,0,Amazônia,0
0.498,26.77,33.54,23.73,4.32,8,9.312,4,Cerrado,0
0.3029,31.6,27.26,36.36,8.36,8,7.733,3,Semiárido,0
0.6233,95.0,193.6,35.76,9.79,10,1.741,2,Amazônia,1
0.3824,72.5,138.47,32.51,10.94,26,0.424,3,Cerrado,1
0.4765,39.85,81.82,39.52,16.81,31,2.213,1,Cerrado,1
0.6533,42.53,99.03,31.97,29.66,13,7.137,2,Mata Atlântica,1
0.5291,55.91,68.35,30.43,5.49,11,0.53,1,Sul,1
0.3504,89.36,154.67,38.1,15.99,17,5.575,4,Cerrado,1
0.6612,19.36,45.1,27.89,4.74,75,11.026,2,Cerrado,0
0.1585,17.18,13.05,33.87,6.93,18,0.988,5,Semiárido,1
0.5408,81.45,158.95,27.01,27.94,10,9.91,1,Mata Atlântica,1
0.8172,83.33,166.15,25.35,23.64,48,0.264,3,Amazônia,2
0.2791,45.73,85.81,31.87,20.55,5,5.496,3,Mata Atlântica,1
0.6595,63.27,110.47,23.01,2.12,6,7.828,6,Amazônia,0
0.6682,37.24,45.53,22.73,14.35,21,2.942,4,Amazônia,1
0.5293,28.4,33.39,31.92,24.34,13,1.139,1,Mata Atlântica,1
0.485,38.53,64.9,26.3,18.68,74,12.933,5,Cerrado,1
0.5737,79.62,155.94,24.69,25.57,11,0.101,2,Sul,2
0.4945,42.51,55.04,27.92,6.03,65,4.049,2,Cerrado,0
0.6231,69.01,121.67,31.55,24.72,12,2.333,3,Mata Atlântica,1
0.5089,53.07,93.48,29.89,46.68,19,3.091,1,Mata Atlântica,1
0.9112,71.21,135.29,24.71,19.51,30,3.845,1,Amazônia,1
0.5064,76.58,140.39,33.59,44.19,17,3.826,3,Mata Atlântica,2
0.8213,44.72,84.62,36.21,3.02,15,1.138,2,Amazônia,1
0.3895,87.41,155.85,26.77,11.25,10,5.693,4,Sul,1
0.7659,14.62,29.1,29.88,21.12,14,0.1,1,Amazônia,1
0.6012,75.11,150.48,24.75,3.51,39,0.107,4,Cerrado,1
0.6948,89.61,164.38,31.99,1.42,18,3.255,2,Amazônia,1
0.7779,72.72,157.93,21.14,22.12,8,3.903,3,Sul,1
0.8096,36.15,85.22,31.37,17.46,12,1.607,3,Mata Atlântica,1
0.2349,26.82,35.89,25.91,23.44,14,4.011,4,Mata Atlântica,0
0.6752,21.6,55.37,23.86,2.18,35,3.629,5,Amazônia,0
0.3379,5.0,10.43,35.12,23.83,8,2.148,1,Semiárido,1
0.9177,39.5,51.59,36.86,20.75,34,5.275,2,Amazônia,1
0.7158,92.93,186.04,30.13,29.8,15,15.843,4,Sul,1
0.6658,50.34,66.13,27.91,21.91,22,3.375,3,Amazônia,1
0.6269,35.94,78.28,39.9,17.07,8,7.71,7,Amazônia,1
0.8437,95.0,190.18,25.55,8.14,33,1.422,6,Amazônia,1
0.2874,47.1,74.58,32.7,25.69,0,7.176,4,Mata Atlântica,1
0.7291,64.8,141.15,36.27,39.07,2,5.234,5,Mata Atlântica,1
0.8308,72.31,118.92,29.93,21.22,53,5.104,0,Amazônia,1
0.1866,18.77,10.3,39.63,11.73,9,11.176,6,Semiárido,0
0.4207,29.62,71.49,26.56,25.05,16,1.329,4,Mata Atlântica,1
0.2703,40.9,68.63,40.04,42.75,17,2.298,1,Mata Atlântica,1
0.4813,82.86,153.49,32.46,9.69,57,0.434,4,Cerrado,2
0.5068,18.03,28.05,38.31,14.19,14,6.475,2,Cerrado,0
0.8302,5.0,14.33,33.11,46.18,15,9.285,4,Mata Atlântica,1
0.7136,94.04,179.98,40.87,15.0,49,2.603,3,Amazônia,2
0.6943,95.0,205.07,40.18,3.68,57,2.207,4,Amazônia,2
0.5413,40.29,73.45,21.25,30.74,13,5.374,0,Sul,1
0.4396,95.0,169.57,34.13,33.65,5,0.393,1,Sul,2
0.3625,51.96,105.56,34.03,9.11,31,1.74,5,Cerrado,1
0.4748,52.7,90.14,35.5,7.87,1,2.28,2,Cerrado,1
0.5804,21.22,11.11,31.97,14.99,7,3.655,3,Mata Atlântica,0
0.5974,53.27,95.33,38.45,23.63,53,3.237,5,Cerrado,1
0.8852,58.47,111.87,25.67,18.7,0,1.17,5,Amazônia,1
0.8723,95.0,201.53,28.69,4.35,54,3.891,1,Amazônia,1
0.3101,41.48,35.97,42.3,9.78,3,13.01,0,Semiárido,0
0.5534,34.52,48.65,26.93,18.52,18,0.137,1,Mata Atlântica,1
0.6309,21.63,34.66,30.8,22.67,32,5.702,1,Amazônia,1
0.8446,37.88,64.67,41.27,24.97,20,4.9,4,Amazônia,1
0.7289,42.27,26.66,34.52,12.79,54,12.913,6,Amazônia,0
0.2525,56.78,100.55,40.98,20.47,10,5.183,4,Mata Atlântica,1
0.6109,42.89,82.82,36.45,1.17,54,4.902,2,Amazônia,1
0.6909,26.34,56.1,36.49,7.15,56,7.344,1,Amazônia,0
0.1941,5.0,17.84,41.52,9.29,11,1.559,1,Semiárido,0
0.9077,40.59,60.89,24.84,24.39,19,4.528,5,Amazônia,1
0.2361,82.31,147.55,32.39,30.18,2,3.664,3,Mata Atlântica,2
0.7951,47.67,89.85,27.05,7.7,15,2.885,2,Amazônia,1
0.6136,65.5,122.37,41.97,23.26,52,0.414,6,Amazônia,2
0.8334,94.62,206.77,27.34,7.67,13,1.731,6,Amazônia,1
0.2656,12.22,2.55,40.39,5.63,10,1.642,3,Semiárido,0
0.2597,95.0,191.77,34.24,28.79,16,6.441,8,Sul,2
0.1977,9.92,9.25,33.23,18.63,13,12.67,5,Semiárido,1
0.5863,90.29,146.89,22.43,11.8,72,1.312,4,Cerrado,2
0.5979,21.16,39.28,24.59,38.65,11,0.388,2,Mata Atlântica,1
0.9487,57.51,99.54,38.22,5.07,52,30.0,4,Amazônia,1
0.5359,76.0,130.27,31.67,22.84,9,5.875,5,Cerrado,1
0.3404,44.43,77.1,31.26,16.79,2,10.878,1,Sul,1
0.6872,21.32,28.21,31.3,9.21,1,0.777,3,Amazônia,0
0.8018,14.16,34.31,27.06,20.17,56,8.066,2,Amazônia,1
0.6235,59.5,85.01,26.47,3.33,44,8.392,3,Amazônia,1
0.6332,38.89,66.56,41.15,3.27,21,0.821,2,Amazônia,1
0.9496,47.47,72.99,29.24,23.25,36,0.88,2,Amazônia,1
0.6266,67.11,113.8,22.93,42.68,13,1.751,4,Mata Atlântica,1
0.4818,67.56,137.7,41.41,0.1,16,1.222,3,Cerrado,1
0.4677,17.34,19.62,28.74,11.03,14,18.527,2,Sul,0
0.1841,32.48,25.96,40.49,2.6,7,2.254,4,Semiárido,0
0.3966,48.54,104.45,30.18,21.58,6,7.163,2,Cerrado,1
0.5039,58.56,69.38,39.25,23.07,14,8.175,1,Cerrado,1
0.452,12.19,17.94,29.15,12.06,20,2.438,1,Cerrado,0
0.2037,52.18,113.56,33.35,13.72,3,5.738,3,Mata Atlântica,1
0.6923,83.26,158.84,32.7,13.48,58,0.57,4,Cerrado,2
0.3316,81.25,117.88,30.03,46.35,1,2.529,2,Mata Atlântica,2
0.4809,5.0,2.67,34.79,7.45,72,17.104,4,Cerrado,0
0.7584,44.96,79.4,31.47,43.06,7,0.923,3,Mata Atlântica,2
0.3192,58.51,98.34,22.42,11.16,9,2.436,2,Cerrado,1
0.6102,60.43,110.35,38.29,15.29,51,7.816,1,Cerrado,1
0.5219,89.37,167.89,25.67,18.67,0,5.474,4,Sul,1
0.1356,20.24,35.16,46.58,18.48,8,4.992,2,Semiárido,1
0.605,85.08,175.73,33.6,18.08,28,9.595,2,Amazônia,1
0.6659,62.69,118.54,30.18,34.94,15,0.148,2,Sul,2
0.5867,51.63,111.47,30.22,17.04,3,7.374,2,Mata Atlântica,1
0.4111,65.78,123.51,19.88,38.75,14,10.709,2,Sul,1
0.2444,19.44,27.6,32.44,23.31,6,0.1,5,Semiárido,1
0.3521,73.29,147.51,35.07,0.97,74,4.093,7,Cerrado,1
0.8168,95.0,195.86,38.53,15.11,58,2.143,2,Amazônia,2
0.3468,24.9,64.82,39.79,16.08,68,0.26,2,Cerrado,1
0.4732,10.95,6.13,33.59,45.16,10,2.704,2,Mata Atlântica,1
0.5751,32.07,7.76,28.26,38.24,18,5.165,6,Mata Atlântica,1
0.3521,21.96,45.43,25.27,7.28,48,12.567,2,Cerrado,0
0.8033,32.93,27.83,28.91,5.42,32,4.845,4,Amazônia,0
0.1493,27.44,37.4,39.51,12.1,12,9.716,3,Semiárido,1
0.3358,9.83,10.24,24.38,7.15,0,0.648,3,Sul,0
0.7038,51.6,114.77,41.05,10.39,6,1.182,0,Mata Atlântica,1
0.8476,57.15,101.27,39.94,11.0,28,17.582,0,Amazônia,0
0.3987,29.27,16.81,22.66,10.25,52,10.92,2,Cerrado,0
0.6801,49.7,94.18,33.24,15.65,53,1.341,2,Amazônia,2
0.3288,66.3,125.28,18.98,32.39,17,4.851,2,Sul,1
0.9249,50.1,70.44,26.91,18.92,27,2.252,2,Amazônia,1
0.2132,59.34,102.55,32.48,11.86,15,3.161,0,Mata Atlântica,1
0.408,56.72,130.45,30.12,11.85,74,9.862,3,Cerrado,1
0.6301,65.53,120.42,25.93,39.17,13,6.654,3,Mata Atlântica,1
0.4022,81.52,130.73,34.29,43.38,0,1.362,3,Mata Atlântica,2
0.3138,23.43,30.2,38.21,17.38,5,1.899,7,Semiárido,1
0.9434,20.74,71.88,29.31,23.11,19,1.71,2,Amazônia,1
0.8273,71.86,129.25,33.05,16.66,28,7.586,7,Amazônia,1
0.8815,39.1,67.5,28.56,10.8,34,3.368,2,Amazônia,1
0.8039,38.09,93.99,19.57,31.39,8,15.052,2,Sul,1
0.3446,17.71,46.52,27.51,12.1,15,8.483,3,Sul,0
0.8498,38.81,46.23,25.58,38.44,14,1.186,2,Mata Atlântica,1
0.3115,75.07,156.05,40.0,32.6,1,7.708,2,Mata Atlântica,2
0.7015,74.62,158.13,25.03,47.5,4,3.527,1,Mata Atlântica,2
0.8371,49.23,86.93,23.91,12.98,35,1.463,4,Amazônia,1
0.2526,14.78,21.86,32.52,16.01,18,2.258,2,Sul,0
0.678,48.62,83.21,29.72,0.02,44,17.9,2,Cerrado,1
0.3566,78.97,155.3,32.61,22.18,6,3.308,4,Cerrado,2
0.4623,50.99,111.3,35.05,23.11,6,6.358,3,Mata Atlântica,1
0.8418,59.04,116.89,23.06,13.53,15,3.242,5,Amazônia,1
0.844,71.52,127.55,27.86,3.06,34,2.323,1,Amazônia,0
0.2933,15.43,11.22,42.99,16.8,11,7.958,4,Semiárido,0
0.6964,68.94,131.1,27.33,3.45,39,9.43,2,Amazônia,0
0.5404,36.4,23.98,22.98,40.59,13,0.373,6,Mata Atlântica,1
0.8226,77.11,134.77,23.73,2.34,10,1.635,1,Amazônia,1
0.6214,53.73,81.2,38.03,14.73,38,3.545,4,Cerrado,1
0.6982,76.05,148.23,40.23,7.95,56,1.903,5,Cerrado,1
0.4011,36.26,53.89,25.04,20.77,62,7.653,8,Cerrado,1
0.3223,16.19,21.2,44.53,20.0,18,0.609,2,Semiárido,1
0.5081,51.34,77.26,35.04,24.96,1,7.992,5,Cerrado,1
0.6274,54.7,100.29,41.09,11.16,13,4.81,1,Mata Atlântica,1
0.3265,48.46,80.7,27.99,39.12,1,1.708,1,Mata Atlântica,1
0.454,81.62,154.74,39.1,47.87,17,2.111,2,Mata Atlântica,2
0.8153,87.24,170.24,28.22,13.92,18,1.01,5,Sul,2
0.2915,38.06,10.02,44.32,4.46,18,1.456,2,Semiárido,0
0.8449,60.26,122.3,24.73,14.93,18,6.316,3,Amazônia,1
0.8934,77.39,160.15,41.47,14.8,52,2.357,7,Amazônia,2
0.582,42.58,59.46,30.82,1.08,37,5.816,4,Cerrado,0
0.8094,12.67,16.34,41.06,26.15,7,3.609,3,Mata Atlântica,1
0.7876,92.67,186.99,31.17,13.26,9,0.785,2,Amazônia,2
0.4977,22.12,45.78,32.6,29.87,2,3.456,3,Mata Atlântica,1
0.5701,32.76,41.43,38.1,31.62,4,7.063,4,Mata Atlântica,1
0.3012,80.96,147.24,36.45,4.03,63,1.767,1,Cerrado,1
0.0551,7.63,0.32,34.49,6.35,18,5.222,2,Semiárido,0
0.697,95.0,198.49,30.34,3.92,49,1.11,1,Amazônia,1
0.9225,62.75,148.75,37.85,2.91,15,0.729,3,Amazônia,1
0.0929,18.54,31.24,45.84,21.97,1,2.233,4,Semiárido,1
0.339,14.35,12.56,22.2,36.97,19,2.465,4,Mata Atlântica,1
0.2246,60.64,132.03,33.76,40.29,8,7.157,5,Mata Atlântica,1
0.5056,35.82,87.59,39.32,10.7,9,3.082,3,Cerrado,1
0.6111,84.28,168.84,35.06,15.9,44,0.424,3,Amazônia,2
0.2968,23.51,17.5,33.7,23.2,8,5.026,3,Semiárido,1
0.054,35.82,34.24,46.29,21.12,19,3.167,3,Semiárido,1
0.5995,8.1,5.46,37.02,20.66,3,2.015,2,Mata Atlântica,1
0.4875,71.34,122.03,36.34,21.13,42,8.103,3,Cerrado,1
0.5122,17.52,5.33,41.29,30.09,11,0.838,4,Mata Atlântica,1
0.3743,52.86,72.85,39.27,8.75,58,12.221,2,Cerrado,0
0.6739,16.98,21.52,38.31,16.81,38,2.033,1,Amazônia,0
0.8024,85.62,198.02,33.99,27.86,19,3.09,7,Sul,2
0.9101,84.85,163.44,26.78,2.35,8,13.242,2,Amazônia,1
0.3672,17.66,34.69,18.72,33.85,6,7.161,1,Sul,1
0.4264,35.39,68.6,36.19,5.09,19,0.386,5,Cerrado,0
0.7003,17.08,20.88,28.06,9.5,1,4.317,2,Amazônia,0
0.2896,42.28,76.98,23.87,33.73,10,1.858,2,Mata Atlântica,1
0.5843,79.01,149.33,32.28,11.84,9,3.551,3,Sul,1
0.2339,16.64,2.24,43.8,1.69,18,6.793,2,Semiárido,0
0.0972,9.26,4.84,45.27,12.7,2,3.428,2,Semiárido,0
0.8166,53.28,88.25,40.26,46.16,11,0.368,4,Mata Atlântica,2
0.617,79.0,151.53,29.58,47.5,12,3.775,4,Mata Atlântica,2
0.0719,31.96,31.85,34.28,4.17,6,0.122,3,Semiárido,1
0.8966,65.04,124.41,30.13,11.13,11,2.142,3,Amazônia,1
0.432,20.75,25.05,29.52,42.74,1,3.251,6,Mata Atlântica,1
0.7173,20.16,28.93,35.32,16.46,59,5.174,5,Amazônia,0
0.6392,53.15,97.78,27.48,8.3,5,3.528,3,Sul,1
0.8242,86.07,181.15,18.85,30.08,18,0.824,3,Sul,2
0.8859,95.0,217.98,30.78,2.27,39,13.457,0,Amazônia,1
0.1865,17.05,1.85,33.26,14.54,12,5.253,0,Semiárido,1
0.8007,38.29,81.31,15.64,24.09,3,1.906,4,Sul,1
0.6298,95.0,217.46,31.42,3.48,8,16.898,1,Amazônia,1
0.8053,67.95,109.63,26.12,21.87,15,10.71,3,Mata Atlântica,1
0.4586,31.81,54.19,17.48,28.73,1,0.774,3,Sul,1
0.6738,95.0,213.66,27.55,4.04,32,5.327,3,Amazônia,1
0.6568,30.07,54.57,34.07,15.95,12,4.106,2,Mata Atlântica,0
0.4698,53.46,114.11,41.82,7.12,74,1.071,3,Cerrado,1
0.7895,41.58,97.54,19.67,25.49,13,1.329,5,Sul,1
0.5149,95.0,191.54,33.9,32.62,4,4.148,4,Sul,2
0.4992,32.52,69.55,22.71,20.75,1,1.938,4,Sul,1
0.5682,75.49,130.92,29.48,26.69,4,9.004,1,Mata Atlântica,1
0.2971,26.31,53.48,20.48,16.64,5,0.514,1,Sul,1
0.0887,25.67,11.28,43.28,18.0,1,12.269,2,Semiárido,1
0.572,46.41,41.25,30.06,14.84,53,9.18,2,Cerrado,1
0.0803,5.0,3.33,32.15,17.88,15,6.709,4,Semiárido,0
0.6974,52.21,111.96,22.09,5.75,18,1.523,4,Amazônia,1
0.2016,77.57,135.05,39.07,26.29,13,6.276,6,Mata Atlântica,1
0.7142,95.0,193.08,23.52,12.0,24,2.888,6,Amazônia,1
0.7048,63.29,103.56,40.01,15.26,51,5.022,1,Amazônia,1
0.6814,82.71,170.06,40.99,2.3,31,1.874,1,Amazônia,1
0.8144,39.79,30.57,41.8,23.71,9,9.035,2,Mata Atlântica,1
0.3545,47.91,81.33,38.19,19.33,8,0.207,0,Cerrado,2
0.3121,14.81,32.0,32.09,5.6,16,5.88,4,Semiárido,0
0.8359,70.2,136.89,36.12,2.31,27,8.82,1,Amazônia,1
0.6512,17.93,38.62,26.07,14.93,22,5.198,3,Cerrado,0
0.5734,74.14,113.11,39.94,16.67,3,1.066,2,Mata Atlântica,1
0.0881,20.6,34.95,41.65,15.2,10,1.677,2,Semiárido,1
0.6217,85.67,157.8,28.54,15.46,71,3.617,6,Cerrado,2
0.6631,78.95,159.98,40.35,34.96,13,1.998,1,Mata Atlântica,2
0.4394,38.54,73.63,29.35,12.19,17,0.1,10,Sul,1
0.6635,49.99,121.6,25.88,10.0,1,0.208,0,Mata Atlântica,1
0.629,95.0,204.44,30.44,13.35,10,7.3,0,Amazônia,1
0.7696,43.28,50.34,36.01,15.43,1,0.437,4,Amazônia,1
0.4641,81.1,172.54,25.45,22.56,12,13.157,5,Sul,1
0.7972,76.22,172.89,35.39,21.78,49,2.924,3,Amazônia,2
0.215,95.0,177.57,32.56,21.54,3,7.098,5,Sul,1
0.2867,12.68,34.88,24.42,16.72,15,0.671,1,Mata Atlântica,1
0.6255,68.03,106.21,23.37,31.2,11,13.053,0,Sul,1
0.1683,6.7,8.66,46.22,15.1,15,0.172,4,Semiárido,1
0.8423,36.97,78.74,15.38,12.93,16,0.215,4,Sul,1
0.5718,52.06,88.15,30.97,17.94,8,0.281,6,Cerrado,1
0.1916,5.13,7.56,43.28,0.51,6,0.546,5,Semiárido,1
0.5375,44.5,88.35,23.21,10.15,50,3.336,1,Cerrado,1
0.3086,74.38,135.4,24.38,14.08,8,7.762,4,Mata Atlântica,1
0.6665,13.83,51.17,28.86,26.87,11,1.677,2,Mata Atlântica,1
0.6907,95.0,158.24,33.95,13.16,12,6.848,3,Sul,1
0.2578,70.5,132.33,33.02,29.67,13,7.437,4,Sul,1
0.1976,10.58,24.04,41.61,24.41,11,11.945,5,Semiárido,1
0.6527,29.48,60.77,37.58,1.6,39,0.809,1,Cerrado,1
0.4941,61.46,95.76,39.43,1.75,65,0.728,4,Cerrado,1
0.2882,22.61,17.16,39.6,14.88,17,0.651,4,Semiárido,1
0.801,36.91,34.8,32.23,6.25,16,2.226,1,Amazônia,0
0.8335,32.11,60.66,41.07,10.26,39,3.361,3,Amazônia,1
0.4793,35.34,50.53,32.71,20.76,27,3.096,1,Cerrado,1
0.4098,57.89,97.86,41.9,4.97,45,1.486,3,Cerrado,1
0.4573,25.22,21.26,24.84,17.98,14,4.864,4,Cerrado,0
0.7883,80.1,134.38,39.24,12.61,17,2.065,2,Amazônia,1
0.894,95.0,212.94,31.94,22.62,3,2.279,1,Amazônia,2
0.9463,95.0,195.11,22.45,24.32,46,0.558,1,Amazônia,2
0.3951,23.5,40.44,19.22,31.45,13,4.485,0,Sul,1
0.3279,11.0,3.12,41.3,14.62,65,5.325,3,Cerrado,0
0.571,33.44,39.27,29.67,18.65,49,7.093,3,Cerrado,1
0.378,44.4,104.8,41.08,19.13,6,11.718,8,Mata Atlântica,1
0.8596,95.0,175.69,24.82,5.67,25,7.262,2,Amazônia,1
0.7325,32.62,69.81,18.78,27.48,2,1.344,4,Sul,1
0.1842,10.34,6.15,33.53,10.82,12,1.344,2,Semiárido,1
0.8934,51.58,69.58,26.93,0.04,29,12.331,4,Amazônia,0
0.654,34.84,48.87,37.59,20.94,68,7.806,6,Cerrado,1
0.6017,88.86,167.52,17.69,20.76,5,7.622,4,Sul,1
0.667,70.82,154.59,16.07,13.23,10,6.36,3,Sul,1
0.4548,6.92,11.6,30.28,47.15,8,1.554,2,Mata Atlântica,1
0.7882,89.83,159.05,26.56,28.84,8,9.4,1,Mata Atlântica,1
0.8669,93.56,194.2,35.67,23.2,26,0.771,4,Amazônia,2
0.4928,75.2,152.14,27.83,14.94,0,2.154,1,Sul,1
0.6687,95.0,209.23,38.85,7.78,6,2.127,2,Amazônia,1
0.8193,19.76,39.94,27.67,11.41,0,4.106,0,Sul,0
0.7165,26.3,31.12,29.86,44.89,12,3.113,6,Mata Atlântica,1
0.226,24.89,32.01,27.96,13.7,15,3.079,1,Mata Atlântica,1
0.416,44.13,75.13,34.88,21.21,11,4.032,3,Mata Atlântica,1
0.7714,94.92,195.94,24.02,12.9,40,2.684,2,Amazônia,1
0.8257,95.0,215.96,31.56,7.34,31,1.438,2,Amazônia,1
0.6804,55.35,118.75,28.69,1.53,13,5.455,2,Amazônia,1
0.7934,58.47,98.13,39.68,3.48,32,7.818,0,Amazônia,0
0.1095,5.6,2.09,32.88,7.27,16,3.26,4,Semiárido,0
0.5622,64.14,102.06,38.59,24.41,76,5.242,3,Cerrado,1
0.6494,75.97,149.09,25.35,24.14,5,3.832,7,Amazônia,2
0.7687,53.3,113.89,31.01,20.6,14,0.304,0,Sul,1
0.6983,21.49,29.46,18.68,32.64,11,2.75,5,Sul,1
0.4354,66.76,132.11,22.05,13.66,15,0.1,2,Sul,2
0.6772,50.7,71.78,17.52,24.02,17,5.422,3,Sul,1
0.664,45.99,85.66,41.76,9.67,24,3.548,4,Amazônia,1
0.575,56.06,106.18,22.69,1.12,32,0.678,1,Cerrado,1
0.0746,33.72,27.35,37.1,13.36,14,3.907,2,Semiárido,1
0.39,25.84,25.89,29.72,20.96,13,11.435,6,Mata Atlântica,0
0.9395,46.81,51.71,28.79,20.05,21,2.081,2,Amazônia,1
0.3429,30.21,22.29,41.86,17.28,19,20.19,2,Semiárido,0
0.6501,32.9,65.99,39.9,8.82,13,16.017,1,Amazônia,0
0.7311,57.73,87.58,22.38,16.18,41,7.693,4,Amazônia,1
0.4819,27.56,11.78,37.5,48.14,17,8.405,2,Mata Atlântica,1
0.5702,22.73,1.03,27.06,39.42,0,2.643,3,Mata Atlântica,1
0.7698,28.86,24.1,29.67,39.07,1,2.575,2,Mata Atlântica,1
0.7949,95.0,207.41,30.4,19.93,54,15.439,2,Amazônia,2
0.5437,90.97,183.47,28.52,38.89,13,2.28,4,Sul,2
0.306,23.79,45.09,23.87,14.07,69,0.509,4,Cerrado,1
0.6613,37.55,66.81,24.29,5.01,1,0.829,3,Amazônia,1
0.685,53.74,125.54,16.12,29.27,17,6.196,4,Sul,1
0.3331,79.18,128.57,24.5,16.77,8,2.414,4,Sul,1
0.4412,50.2,93.43,19.18,26.89,13,1.112,3,Sul,1
0.3498,31.28,24.09,36.19,13.17,12,8.404,1,Semiárido,0
0.2118,60.69,133.2,27.78,41.8,13,3.354,2,Mata Atlântica,2
0.6696,80.23,135.44,39.67,28.15,18,4.192,3,Mata Atlântica,2
0.6002,95.0,197.75,30.57,0.23,8,0.836,0,Amazônia,1
0.6449,57.43,126.95,25.43,17.01,32,1.071,3,Cerrado,1
0.4134,38.45,33.95,41.72,2.87,22,0.673,2,Cerrado,1
0.5747,72.56,118.15,25.53,6.16,44,3.613,5,Cerrado,1
0.1628,14.99,7.26,41.34,7.64,10,7.473,1,Semiárido,0
0.3873,11.27,2.2,33.39,33.0,6,6.589,0,Mata Atlântica,1
0.7604,95.0,201.52,29.46,15.65,1,1.514,1,Amazônia,1
0.7229,25.83,31.39,41.03,4.61,14,9.538,2,Amazônia,0
0.5661,54.7,112.28,38.88,31.99,19,0.558,2,Mata Atlântica,2
0.7701,59.15,115.38,38.6,17.7,39,0.605,2,Amazônia,1
0.4015,84.42,129.21,25.35,7.43,15,9.462,5,Sul,1
0.785,76.12,98.44,31.14,21.7,11,1.401,4,Mata Atlântica,2
0.6473,34.45,26.29,23.94,25.54,16,6.157,3,Mata Atlântica,0
0.8409,15.32,3.28,37.31,30.02,14,0.1,5,Mata Atlântica,1
0.1899,16.62,20.51,42.55,1.95,18,0.491,3,Semiárido,1
0.47,9.41,12.75,25.81,16.67,14,4.699,5,Cerrado,0
0.3405,14.4,22.57,31.66,25.42,11,1.007,3,Mata Atlântica,1
0.7015,47.38,91.97,40.51,21.44,16,0.143,4,Mata Atlântica,1
0.5145,71.1,96.56,25.43,4.77,25,3.146,2,Cerrado,0
0.636,71.33,103.14,32.79,12.75,10,2.006,5,Sul,1
0.2037,29.05,28.77,39.21,13.58,0,8.104,1,Semiárido,0
0.4254,58.6,123.82,24.74,16.98,16,8.542,4,Mata Atlântica,1
0.7606,33.94,36.95,15.91,26.56,6,4.765,2,Sul,1
0.7553,72.37,141.41,27.64,39.62,1,1.734,3,Sul,2
0.2239,5.0,17.98,38.88,14.12,10,3.096,4,Semiárido,0
0.2121,16.69,9.67,40.67,17.76,15,6.058,3,Semiárido,0
0.4391,53.18,109.81,29.81,20.0,14,0.359,2,Mata Atlântica,1
0.4702,53.07,108.98,38.28,15.6,7,2.021,3,Mata Atlântica,1
0.7408,24.27,35.8,22.21,22.64,14,8.64,8,Mata Atlântica,1
0.0597,23.69,38.88,38.03,0.84,6,2.605,3,Semiárido,1
0.7191,46.29,80.44,36.12,5.86,3,4.9,3,Amazônia,0
0.3168,79.45,154.24,29.32,32.14,7,0.506,3,Sul,2
0.6308,51.25,123.77,19.43,13.32,1,7.504,5,Sul,1
0.9187,49.24,59.57,39.45,8.15,42,0.529,2,Amazônia,1
0.0964,16.18,30.91,41.09,24.69,3,9.885,4,Semiárido,1
0.7754,66.17,140.33,40.96,21.71,23,0.564,2,Amazônia,2
0.3142,61.41,118.88,27.45,20.64,72,11.077,4,Cerrado,1
0.1617,21.64,27.51,46.06,12.53,4,2.261,4,Semiárido,1
0.7929,69.06,104.25,36.74,20.18,12,4.898,2,Amazônia,1
0.1967,28.09,35.05,33.47,6.67,17,9.372,4,Semiárido,0
0.1722,22.6,17.75,34.68,14.02,10,0.1,3,Semiárido,1
0.3357,27.88,34.51,22.53,19.39,7,1.544,5,Mata Atlântica,1
0.6087,60.91,107.92,36.17,4.28,16,11.948,6,Amazônia,0
0.6243,55.11,93.78,36.67,1.82,53,2.457,5,Cerrado,1
0.7482,63.23,151.13,37.79,10.8,18,6.127,3,Mata Atlântica,1
0.6667,95.0,198.34,23.58,36.22,18,0.754,1,Sul,2
0.8134,28.31,19.83,34.56,49.45,1,5.672,5,Mata Atlântica,1
0.3857,53.97,27.34,25.58,23.04,47,0.38,3,Cerrado,1
0.8113,72.3,158.25,40.93,24.16,6,6.317,3,Mata Atlântica,1
0.5604,66.15,116.09,35.5,10.67,11,1.956,4,Mata Atlântica,1
0.2185,12.22,14.93,40.67,18.47,1,3.135,1,Semiárido,1
0.7329,76.45,110.14,25.74,7.17,51,0.909,3,Amazônia,2
0.1093,7.41,18.13,37.6,23.02,18,4.942,4,Semiárido,1
0.22,37.34,49.15,31.53,33.32,0,2.059,3,Mata Atlântica,1
0.6705,18.52,43.52,20.34,9.72,10,2.417,2,Sul,0
0.6233,68.54,134.38,27.62,0.68,36,5.281,3,Cerrado,1
0.7171,14.37,10.21,35.16,40.2,7,0.985,4,Mata Atlântica,1
0.5795,31.01,27.39,15.26,10.66,13,9.553,4,Sul,0
0.8371,23.28,48.17,32.87,10.56,28,6.722,2,Amazônia,0
0.8436,29.22,30.6,27.2,11.82,9,4.311,2,Sul,0
0.2589,47.11,81.31,34.56,36.11,16,0.687,2,Mata Atlântica,2
0.7356,95.0,201.91,23.0,7.34,7,5.81,2,Amazônia,1
0.3892,39.56,48.16,41.78,23.42,26,0.1,4,Cerrado,1
0.0937,14.18,31.77,36.94,19.87,13,8.158,0,Semiárido,1
0.8894,76.43,131.88,36.36,16.24,11,1.811,4,Amazônia,1
0.2997,31.66,57.67,32.65,22.84,6,0.623,3,Mata Atlântica,1
0.4055,53.18,75.71,27.89,17.53,1,0.899,3,Cerrado,1
0.6041,53.53,89.87,25.55,37.11,5,16.502,3,Mata Atlântica,1
0.7208,95.0,218.81,25.55,0.94,51,7.432,2,Amazônia,1
0.3724,44.18,85.58,28.2,35.84,2,1.358,6,Sul,2
0.7429,95.0,173.76,23.29,19.91,8,16.548,3,Sul,1
0.4126,53.21,72.86,15.2,23.16,9,0.755,2,Sul,1
0.1128,9.85,9.06,47.9,21.64,0,6.612,4,Semiárido,1
0.6929,79.54,172.93,39.68,8.86,8,5.346,4,Amazônia,1
0.261,32.75,37.84,44.5,11.24,19,8.615,3,Semiárido,0
0.8375,77.51,174.02,30.78,11.76,4,2.404,4,Amazônia,1
0.7111,29.22,65.26,30.15,8.11,26,2.569,4,Amazônia,1
0.3949,44.0,93.51,29.3,18.58,12,4.898,5,Cerrado,1
0.7861,22.18,34.12,32.52,43.0,7,2.539,3,Mata Atlântica,1
0.3344,5.0,4.4,47.32,22.85,4,0.211,4,Semiárido,1
0.7048,45.37,111.94,31.33,17.42,11,6.541,1,Mata Atlântica,1
0.5013,53.41,115.48,39.93,5.3,24,5.121,0,Cerrado,0
0.3271,27.69,27.61,28.35,4.12,22,2.756,5,Cerrado,0
0.4495,44.18,97.57,19.48,15.03,3,1.804,1,Sul,1
0.6224,36.97,65.33,28.0,8.67,60,1.934,4,Cerrado,1
0.6618,67.95,93.23,37.07,33.92,13,6.755,2,Mata Atlântica,1
0.8472,63.95,119.55,24.04,4.59,28,6.531,6,Amazônia,0
0.1552,14.96,4.88,32.6,24.46,12,8.544,3,Semiárido,1
0.7438,46.83,97.69,38.02,36.93,9,7.181,2,Mata Atlântica,1
0.7092,95.0,149.11,25.66,16.32,34,7.093,3,Amazônia,1
0.719,26.67,46.21,34.51,0.33,29,1.45,3,Amazônia,1
0.6342,79.75,157.47,41.4,14.06,11,0.536,1,Mata Atlântica,2
0.4791,86.4,144.89,32.46,22.53,12,7.172,5,Mata Atlântica,1
0.4983,71.94,139.47,25.75,9.55,51,0.519,0,Cerrado,1
0.2427,94.91,185.95,28.09,6.49,17,20.118,2,Sul,1
0.8921,49.53,91.93,38.47,15.01,0,10.401,3,Amazônia,1
0.388,69.7,136.18,29.03,14.59,16,3.812,2,Cerrado,1
0.7949,87.17,163.24,34.81,28.3,5,2.171,2,Sul,2
0.6463,32.65,40.09,37.55,21.11,74,3.742,4,Cerrado,1
0.4753,74.22,152.61,32.02,23.74,19,6.627,4,Mata Atlântica,1
0.4615,36.66,72.13,37.66,18.43,53,7.06,3,Cerrado,1
0.3859,14.57,20.77,28.34,1.97,27,0.383,3,Cerrado,0
0.3736,22.24,51.58,32.63,19.55,5,8.17,3,Sul,1
0.4136,44.37,103.6,35.73,23.68,49,5.129,2,Cerrado,1
0.7174,90.12,171.03,28.23,28.37,4,0.207,4,Sul,2
0.9388,30.07,27.63,27.47,12.94,41,1.878,6,Amazônia,1
0.7564,91.47,163.9,35.04,6.27,52,3.573,3,Amazônia,1
0.7755,25.51,76.05,35.11,18.91,59,1.044,0,Amazônia,2
0.3214,60.8,116.07,31.87,27.63,4,0.844,0,Mata Atlântica,1
0.6928,15.89,32.36,37.91,16.63,5,0.1,5,Cerrado,1
0.5439,54.91,96.27,18.81,38.71,1,12.127,5,Sul,1
0.7695,7.44,1.72,39.63,44.66,4,0.289,2,Mata Atlântica,1
0.5006,95.0,184.12,32.08,37.52,11,2.279,2,Sul,2
0.8023,85.71,166.89,28.29,18.08,51,1.152,4,Amazônia,2
0.3501,42.85,105.65,21.69,36.81,6,6.755,1,Sul,1
0.0785,5.0,3.23,34.8,16.03,2,6.141,2,Semiárido,0
0.2132,21.99,26.27,46.73,19.17,8,8.205,6,Semiárido,0
0.2722,22.61,26.15,32.7,8.37,14,4.796,2,Semiárido,0
0.2771,5.0,3.8,43.76,1.9,14,4.478,4,Semiárido,0
0.7026,66.73,151.84,24.38,19.09,7,2.614,5,Mata Atlântica,1
0.8322,55.01,98.02,27.59,3.55,27,5.058,1,Amazônia,0
0.7439,69.0,154.51,35.72,9.27,27,0.612,2,Amazônia,1
0.4347,15.76,42.04,27.02,39.31,19,5.768,5,Sul,1
0.7539,18.32,26.14,35.25,19.35,0,0.549,4,Mata Atlântica,1
0.1891,7.52,3.15,39.69,21.56,3,9.893,1,Semiárido,1
0.6666,5.0,0.96,41.39,28.38,3,3.523,3,Mata Atlântica,0
0.7099,22.27,39.38,26.33,11.9,44,3.779,7,Amazônia,1
0.8419,40.65,67.18,36.98,21.21,50,4.396,5,Amazônia,1
0.4135,22.24,39.61,40.53,33.47,7,7.482,0,Mata Atlântica,1
0.6418,17.28,14.78,23.83,14.47,43,3.255,1,Cerrado,1
0.6646,83.01,167.31,30.28,10.85,59,2.789,5,Amazônia,2
0.4449,31.28,43.87,40.39,45.57,11,1.701,4,Mata Atlântica,1
0.7505,27.96,24.05,26.06,12.01,47,0.685,1,Amazônia,1
0.3785,87.93,156.68,40.68,23.7,14,1.056,3,Mata Atlântica,2
0.3078,29.35,19.89,32.54,8.59,4,0.1,2,Cerrado,0
0.3055,25.46,19.27,41.48,24.84,8,10.179,1,Semiárido,0
0.5093,79.69,149.12,31.0,8.41,62,7.24,6,Cerrado,1
0.4849,70.31,140.3,28.53,42.11,2,1.234,1,Mata Atlântica,2
0.7725,33.0,57.42,27.64,8.85,22,0.1,1,Amazônia,0
0.705,83.18,176.44,32.83,14.77,39,3.388,4,Amazônia,1
0.6168,16.43,14.06,31.67,22.77,8,2.66,3,Cerrado,1
0.3329,67.4,114.01,31.64,14.72,7,7.481,2,Mata Atlântica,1
0.8062,74.95,155.66,23.76,44.05,8,2.578,2,Mata Atlântica,2
0.3681,48.79,86.0,38.05,21.48,35,9.98,5,Cerrado,1
0.2974,40.83,79.76,31.63,20.65,1,0.504,5,Mata Atlântica,1
0.2585,83.97,159.05,20.2,36.8,15,2.277,3,Sul,2
0.0697,19.57,30.73,41.4,11.46,19,13.586,0,Semiárido,1
0.8566,70.36,145.8,28.34,9.63,23,0.1,1,Amazônia,1
0.2902,51.97,104.31,22.09,10.85,19,2.478,1,Mata Atlântica,1
0.926,38.72,54.33,40.22,16.31,17,1.504,1,Amazônia,1
0.8873,37.59,62.39,37.21,10.05,46,3.795,0,Amazônia,1
0.5928,78.44,158.1,27.89,13.01,6,1.634,1,Sul,1
0.83,37.23,55.31,36.03,9.56,29,10.198,3,Amazônia,0
0.6949,21.84,33.33,22.4,22.55,9,13.834,5,Mata Atlântica,1
0.3706,39.1,44.19,22.56,36.77,18,9.457,4,Mata Atlântica,1
0.2188,5.0,0.55,35.76,20.09,4,2.542,0,Semiárido,1
0.8278,52.6,97.0,23.92,45.5,7,22.993,1,Mata Atlântica,1
0.8893,50.02,112.76,41.29,24.35,53,6.641,2,Amazônia,1
0.5266,28.73,47.31,39.88,20.82,48,2.197,3,Cerrado,1
0.3298,62.9,145.93,35.0,18.72,13,0.492,2,Mata Atlântica,1
0.8019,95.0,218.56,23.27,6.06,4,5.499,0,Amazônia,1
0.5929,44.86,63.2,28.5,16.85,12,6.52,4,Cerrado,0
0.6415,28.62,27.15,29.43,18.17,2,0.653,2,Amazônia,1
0.9432,20.89,23.46,31.62,11.6,22,3.99,6,Amazônia,0
0.6583,72.54,153.08,25.38,5.75,22,21.748,3,Cerrado,1
0.6235,30.49,59.16,33.55,13.93,55,1.974,4,Amazônia,1
0.56,46.23,52.78,30.72,14.19,1,1.797,3,Mata Atlântica,0
0.675,35.27,30.33,40.95,28.22,12,11.681,2,Mata Atlântica,1
0.3104,26.92,35.06,32.57,15.72,18,0.625,2,Semiárido,1
0.8306,44.57,85.13,33.31,7.3,41,13.555,5,Amazônia,1
0.7863,51.52,67.25,34.89,5.39,42,7.559,0,Amazônia,0
0.6361,95.0,201.68,24.76,17.92,29,2.478,1,Amazônia,1
0.6318,43.37,69.4,26.47,11.41,16,0.436,3,Mata Atlântica,1
0.1435,35.52,32.34,35.64,14.93,2,0.1,3,Semiárido,1
0.7037,50.17,103.1,35.98,15.36,35,2.357,1,Amazônia,1
0.3285,92.93,167.84,25.2,33.39,18,6.11,2,Sul,2
0.8866,58.33,97.17,33.4,9.0,6,3.343,6,Amazônia,1
0.2754,67.74,127.73,40.7,21.05,14,6.71,4,Mata Atlântica,1
0.1647,16.56,31.93,37.3,11.98,5,5.552,1,Semiárido,1
0.2332,79.42,165.47,25.3,27.3,17,4.254,2,Sul,1
0.1629,19.51,15.84,37.41,8.71,9,17.132,3,Semiárido,0
0.1602,5.0,10.86,38.29,3.26,3,6.517,2,Semiárido,0
0.3162,79.98,151.66,30.34,9.08,28,12.303,3,Cerrado,1
0.2926,16.57,4.93,46.15,15.21,17,1.386,1,Semiárido,1
0.8422,84.13,145.74,39.83,0.57,1,6.253,3,Amazônia,1
0.5308,86.24,192.34,21.98,37.53,9,4.554,3,Sul,1
0.5022,92.48,158.3,30.06,16.16,9,12.905,1,Mata Atlântica,1
0.1308,26.73,6.98,42.34,7.38,6,3.571,1,Semiárido,0
0.8141,57.86,98.06,30.93,23.16,19,1.64,5,Mata Atlântica,1
0.7067,56.56,120.71,25.62,24.68,13,2.429,3,Mata Atlântica,1
0.5914,24.26,37.14,24.85,26.82,7,1.235,4,Mata Atlântica,1
0.2232,18.5,19.53,33.78,0.11,8,1.242,6,Semiárido,0
0.8872,43.29,68.48,23.98,0.66,15,3.178,2,Amazônia,0
0.7671,73.31,138.9,41.15,8.94,8,11.155,4,Amazônia,1
0.7228,95.0,196.77,22.95,3.11,51,1.065,2,Amazônia,1
0.7269,95.0,202.14,30.03,0.56,51,1.697,3,Amazônia,1
0.3507,55.0,94.34,19.69,14.02,19,9.586,6,Sul,1
0.7149,85.7,174.65,35.78,6.85,4,2.072,0,Amazônia,1
0.8144,70.34,138.69,25.76,24.85,3,16.406,7,Sul,1
0.4207,44.0,84.94,32.94,4.49,37,1.566,3,Cerrado,0
0.7633,52.39,59.52,37.46,1.17,31,2.918,2,Amazônia,0
0.1726,23.06,2.96,34.91,18.62,10,0.502,4,Semiárido,1
0.744,51.68,81.92,35.97,39.49,13,24.253,3,Mata Atlântica,1
0.218,86.47,144.91,23.99,10.89,12,11.043,3,Mata Atlântica,1
0.7421,45.79,64.69,23.77,12.41,3,8.507,2,Mata Atlântica,0
0.2652,13.94,5.48,32.37,0.34,15,0.856,4,Semiárido,0
0.8883,74.91,169.29,26.31,10.91,39,17.427,2,Amazônia,1
0.6744,88.45,177.21,33.7,23.79,12,13.236,2,Sul,1
0.307,58.63,112.88,19.11,36.51,19,2.861,4,Sul,1
0.5678,48.86,105.43,38.4,42.5,4,5.723,0,Mata Atlântica,1
0.9264,38.54,88.93,38.93,24.11,5,24.437,3,Amazônia,1
0.3159,15.57,3.57,39.22,36.15,9,2.636,3,Mata Atlântica,1
0.9268,71.05,128.6,34.39,14.31,8,0.6,4,Amazônia,1
0.8394,44.62,96.7,36.88,16.65,53,10.116,2,Amazônia,1
0.5294,17.93,30.57,29.18,19.94,0,3.236,0,Cerrado,1
0.3104,65.29,101.21,41.97,33.71,5,21.702,1,Mata Atlântica,1
0.449,83.71,177.61,23.45,8.9,4,4.002,1,Sul,1
0.2974,14.3,6.45,44.76,11.22,1,0.15,2,Semiárido,1
0.1753,16.23,17.05,35.66,9.28,5,3.384,2,Semiárido,1
0.593,60.58,102.37,24.24,20.58,44,6.33,2,Cerrado,1
0.6732,63.48,132.72,33.35,21.63,20,0.132,3,Cerrado,2
0.5629,83.31,159.69,29.07,3.45,63,2.667,2,Cerrado,1
0.3153,95.0,196.63,15.81,24.22,12,0.845,8,Sul,2
0.624,32.18,44.75,33.17,17.09,5,5.151,6,Amazônia,0
0.4553,95.0,195.34,23.5,31.29,5,15.773,3,Sul,2
0.2028,62.32,109.03,24.47,13.0,2,4.899,3,Mata Atlântica,1
0.3116,95.0,150.02,30.8,13.0,42,5.935,3,Cerrado,1
0.2208,32.24,3.85,35.36,16.14,2,2.526,2,Semiárido,0
0.7195,23.5,40.96,28.3,11.08,19,4.141,2,Mata Atlântica,0
0.2867,63.6,158.72,27.03,32.21,8,3.925,2,Sul,2
0.2719,33.18,40.52,18.34,27.76,3,7.127,5,Sul,1
0.3258,41.06,65.05,39.25,6.6,9,9.721,2,Cerrado,0
0.5297,23.05,10.03,35.11,12.31,67,5.437,5,Cerrado,0
0.5834,75.91,139.99,24.0,13.24,7,19.513,3,Mata Atlântica,1
0.7,38.74,62.2,28.67,24.82,1,8.81,5,Sul,1
0.8141,51.8,72.1,38.64,6.11,27,0.666,1,Amazônia,1
0.693,45.17,55.04,37.07,30.13,5,3.541,3,Mata Atlântica,1
0.4417,20.02,46.44,31.32,20.92,6,11.677,2,Mata Atlântica,0
0.1866,16.63,28.95,37.27,10.5,12,14.406,3,Semiárido,0
0.7242,53.73,98.06,31.57,24.61,14,2.392,1,Amazônia,1
0.157,25.31,31.95,46.94,19.49,6,6.468,4,Semiárido,1
0.8379,81.22,160.67,27.67,25.17,3,2.643,2,Sul,2
0.8304,61.84,106.4,39.81,0.31,36,0.66,3,Amazônia,1
0.6245,32.22,31.34,31.09,19.44,13,10.797,1,Amazônia,1
0.8064,30.32,14.38,15.49,12.94,16,13.438,3,Sul,0
0.6636,92.48,171.26,24.03,14.64,13,3.513,2,Amazônia,1
0.7188,68.09,142.81,15.04,23.64,12,0.1,6,Sul,2
0.4815,14.52,12.53,32.97,30.97,0,8.465,0,Mata Atlântica,1
0.6147,26.51,37.66,35.04,3.34,35,3.24,1,Amazônia,0
0.4926,95.0,182.8,31.37,39.48,8,0.39,2,Sul,2
0.338,28.48,33.83,31.44,0.92,67,1.05,4,Cerrado,1
0.5035,80.6,119.24,23.89,11.69,9,0.825,2,Mata Atlântica,1
0.4494,53.31,103.4,34.04,16.44,7,5.796,6,Cerrado,1
0.3296,80.23,147.73,39.1,36.96,9,1.779,7,Mata Atlântica,2
0.7758,44.59,34.65,36.75,19.43,48,0.683,4,Amazônia,1
0.4772,59.96,120.22,29.57,11.73,76,12.484,2,Cerrado,1
0.5933,70.1,129.66,25.94,7.95,16,15.679,0,Sul,0
0.4279,43.55,90.45,35.26,1.13,45,0.746,0,Cerrado,1
0.3835,50.79,88.3,38.3,29.96,14,1.308,5,Mata Atlântica,1
0.5759,32.0,62.14,35.39,24.4,61,4.484,4,Cerrado,1
0.2172,30.56,26.8,42.35,9.97,6,0.816,2,Semiárido,0
0.8224,81.39,154.45,38.43,21.09,42,0.863,4,Amazônia,2
0.8434,88.29,188.69,27.09,13.06,4,2.052,3,Sul,1
0.4645,32.52,34.74,29.34,29.27,19,14.896,5,Mata Atlântica,1
0.8633,43.38,70.27,35.64,23.7,25,16.409,3,Amazônia,1
0.786,54.83,81.87,33.8,5.76,14,9.219,3,Amazônia,0
0.8371,65.99,143.37,34.59,11.37,39,5.949,3,Amazônia,1
0.5979,73.9,134.09,28.86,14.26,2,6.377,7,Mata Atlântica,1
0.3039,76.76,133.26,30.57,13.79,75,3.17,4,Cerrado,2
0.1334,19.28,27.86,37.26,6.16,15,3.777,4,Semiárido,0
0.4288,45.78,100.87,38.79,5.22,11,5.032,7,Cerrado,0
0.8915,95.0,214.79,37.26,18.82,54,6.571,1,Amazônia,2
0.4098,81.49,135.67,24.37,36.23,4,0.509,1,Mata Atlântica,2
0.3071,21.24,4.92,33.62,22.85,3,1.274,5,Semiárido,1
0.751,68.57,136.39,22.53,0.46,33,16.477,4,Amazônia,1
0.7327,81.17,179.15,22.16,15.77,32,2.041,3,Amazônia,1
0.9203,54.77,106.08,26.49,15.12,36,1.563,5,Amazônia,1
0.312,21.49,33.53,36.89,14.46,19,2.74,5,Semiárido,1
0.7457,34.76,46.6,40.09,46.94,8,1.719,9,Mata Atlântica,1
0.5837,79.9,155.62,29.84,41.6,15,0.478,3,Mata Atlântica,2
0.1487,20.73,36.87,46.44,16.48,2,1.166,5,Semiárido,1
0.1444,19.49,1.45,44.0,19.55,16,5.11,5,Semiárido,1
0.5289,79.03,149.4,41.06,42.05,19,1.263,3,Mata Atlântica,2
0.4591,39.6,57.46,27.62,18.27,9,5.216,5,Sul,0
0.6137,34.6,84.47,23.14,0.71,10,0.527,1,Amazônia,1
0.6952,58.97,150.4,26.96,3.68,54,0.214,3,Amazônia,1
0.649,51.79,117.25,22.98,16.68,65,9.887,3,Cerrado,1
0.9424,86.04,175.73,34.33,12.35,1,7.136,6,Amazônia,1
0.4703,15.95,2.94,36.21,43.93,10,5.483,3,Mata Atlântica,1
0.3985,38.25,103.38,30.08,12.49,18,0.157,3,Sul,1
0.8549,95.0,213.4,39.08,9.17,58,1.368,4,Amazônia,2
0.721,76.03,142.27,31.06,22.21,51,8.365,5,Amazônia,2
0.6926,29.77,19.55,41.97,43.72,7,0.781,2,Mata Atlântica,1
0.5447,93.36,198.99,26.94,20.63,17,8.379,1,Sul,1
0.5108,71.53,126.49,24.19,20.46,59,4.388,1,Cerrado,1
0.3691,25.32,32.2,28.04,43.83,17,6.742,2,Mata Atlântica,1
0.8742,47.91,69.02,22.51,22.84,29,5.171,1,Amazônia,1
0.6931,82.2,162.94,37.65,17.85,37,2.698,0,Amazônia,1
0.7404,39.97,57.6,19.22,30.54,12,1.726,3,Sul,1
0.4373,53.91,77.21,24.34,13.59,2,5.585,1,Sul,1
0.8112,38.38,73.89,23.05,23.04,4,8.223,2,Amazônia,1
0.6379,59.17,103.9,26.09,8.7,11,0.229,1,Sul,1
0.205,35.5,89.33,38.83,17.37,9,2.389,3,Mata Atlântica,1
0.5089,73.44,127.2,31.27,8.01,0,2.16,0,Sul,1
0.3253,92.57,147.25,30.29,46.64,5,4.099,2,Mata Atlântica,2
0.6078,64.05,140.81,41.4,17.34,18,0.605,0,Mata Atlântica,1
0.8366,44.42,77.34,34.54,16.94,12,13.547,5,Mata Atlântica,1
0.5019,43.17,57.48,30.32,29.18,0,3.976,3,Mata Atlântica,1
0.7075,46.67,80.12,38.06,10.31,54,12.869,1,Amazônia,1
0.7913,80.52,152.23,27.91,8.3,45,8.49,3,Amazônia,1
0.3352,46.48,87.13,27.32,12.9,73,1.064,4,Cerrado,1
0.0844,20.45,30.54,35.46,15.84,16,0.71,5,Semiárido,1
0.6598,80.46,156.54,29.81,16.54,59,9.875,1,Amazônia,1
0.7108,24.16,30.42,24.72,42.17,10,3.84,4,Mata Atlântica,1
0.3926,63.75,139.04,21.47,34.02,19,0.1,2,Sul,2
0.9143,41.73,70.96,37.76,0.88,22,13.608,7,Amazônia,0
0.3455,73.55,112.2,35.52,49.35,12,3.203,3,Mata Atlântica,1
0.6717,44.35,82.94,30.24,7.83,55,1.79,6,Cerrado,1
0.5147,42.3,92.83,20.75,12.11,0,3.635,3,Sul,1
0.6058,95.0,207.56,30.22,11.26,36,8.656,4,Amazônia,1
0.7824,70.08,144.75,36.21,37.64,16,0.584,1,Mata Atlântica,2
0.1953,7.06,17.1,38.3,0.35,6,2.223,0,Semiárido,0
0.2115,65.84,120.39,17.95,30.54,16,1.92,7,Sul,1
0.7602,31.71,60.27,32.22,10.85,15,9.152,4,Mata Atlântica,1
0.3133,69.05,140.9,35.61,11.44,11,7.536,1,Mata Atlântica,1
0.6042,64.23,116.6,30.27,49.67,7,2.555,2,Mata Atlântica,1
0.2162,79.66,180.24,17.5,36.66,10,5.46,2,Sul,2
0.4597,56.54,133.05,27.15,23.38,2,2.508,3,Mata Atlântica,1
0.681,31.26,34.96,30.69,24.37,42,4.235,3,Amazônia,1
0.2655,76.97,181.32,31.44,25.85,3,23.674,3,Sul,1
0.4754,11.91,21.39,22.76,23.17,8,3.835,0,Mata Atlântica,1
0.3996,41.83,101.7,33.77,24.81,16,22.36,1,Mata Atlântica,1
0.6177,37.55,69.16,39.29,24.18,29,6.876,1,Amazônia,1
0.7651,67.73,119.46,22.51,44.65,11,0.643,3,Mata Atlântica,2
0.4058,63.28,115.24,25.92,17.18,54,7.947,3,Cerrado,1
0.2528,77.1,105.52,31.2,35.86,14,0.879,2,Mata Atlântica,2
0.61,43.21,53.92,35.32,13.99,44,3.8,1,Amazônia,1
0.4186,44.38,92.01,25.42,39.54,2,4.75,3,Mata Atlântica,1
0.6369,40.54,88.27,33.03,34.41,1,11.139,3,Sul,1
0.8756,46.97,33.69,32.38,22.39,0,1.181,1,Amazônia,1
0.2867,24.95,14.18,22.39,11.14,11,10.435,1,Sul,0
0.5945,41.37,58.65,22.7,7.07,59,13.628,1,Cerrado,0
0.338,61.47,111.91,17.45,5.57,10,0.469,4,Sul,1
0.2799,21.65,20.82,40.97,4.93,18,10.827,6,Semiárido,0
0.2381,5.0,3.97,24.61,46.5,14,1.5,0,Mata Atlântica,1
0.2972,21.17,21.81,39.09,16.32,6,0.422,2,Semiárido,1
0.8491,74.29,140.18,26.38,21.65,7,15.919,3,Sul,1
0.3319,72.94,154.38,41.06,20.8,57,2.49,3,Cerrado,2
0.4718,45.83,88.3,27.75,17.63,38,4.877,4,Cerrado,0
0.3187,58.98,81.08,31.75,47.36,14,4.025,4,Mata Atlântica,1
0.2051,19.9,23.99,42.0,12.39,9,1.199,0,Semiárido,0
0.0851,32.61,13.29,32.46,23.61,16,5.537,4,Semiárido,1
0.2085,5.0,0.37,38.99,0.58,5,0.236,5,Semiárido,0
0.4331,25.67,43.67,33.32,19.86,4,1.135,2,Cerrado,1
0.2277,5.0,4.53,47.48,6.3,19,14.472,7,Semiárido,0
0.882,81.23,177.98,41.76,4.63,38,15.342,5,Amazônia,1
0.5625,9.73,13.98,35.97,34.18,5,3.295,1,Mata Atlântica,1
0.6791,60.86,106.35,29.6,1.49,15,0.926,3,Amazônia,1
0.3046,77.2,143.14,30.24,24.8,6,2.738,5,Cerrado,2
0.5786,72.69,149.88,29.03,21.75,23,10.481,2,Cerrado,1
0.4504,37.12,98.88,34.07,13.03,30,0.364,4,Cerrado,1
0.4606,25.66,8.44,36.79,20.96,8,0.684,3,Mata Atlântica,1
0.6272,61.59,118.54,38.39,13.91,79,11.3,0,Cerrado,1
0.5351,9.08,17.62,30.33,20.29,3,2.684,6,Cerrado,1
0.6292,24.1,26.17,36.33,21.12,55,0.436,6,Amazônia,1
0.3815,68.32,124.7,40.32,5.82,8,0.75,5,Cerrado,1
0.8634,52.43,99.02,40.42,11.49,18,10.704,4,Amazônia,1
0.618,49.04,83.27,36.08,15.87,37,3.368,4,Amazônia,1
0.5549,54.44,118.1,34.74,31.29,7,0.89,1,Mata Atlântica,2
0.5556,66.49,110.91,32.63,48.12,8,11.224,7,Mata Atlântica,1
0.2347,21.06,41.88,25.66,45.22,13,9.331,1,Mata Atlântica,1
0.4591,72.41,147.96,24.47,48.31,0,0.116,3,Mata Atlântica,2
0.3432,28.25,28.73,31.71,14.55,1,4.349,5,Cerrado,0
0.8496,93.52,162.54,17.9,37.12,11,1.401,2,Sul,2
0.4004,45.43,50.03,33.54,40.51,3,3.809,4,Mata Atlântica,1
0.7749,27.91,20.83,34.91,23.6,3,1.637,3,Mata Atlântica,1
0.8661,72.14,142.41,32.51,19.52,24,1.898,5,Amazônia,1
0.4744,5.0,0.4,22.73,3.36,75,4.605,4,Cerrado,0
0.552,81.76,133.13,23.15,7.65,13,3.87,3,Cerrado,1
0.4362,40.04,41.97,24.27,15.21,22,2.514,4,Cerrado,1
0.7742,68.97,141.56,25.07,30.01,1,0.569,3,Mata Atlântica,2
0.3043,67.66,110.64,41.8,37.2,2,17.438,1,Mata Atlântica,1
0.4207,55.79,106.59,28.89,47.05,19,0.959,4,Mata Atlântica,2
0.255,39.86,39.26,40.87,12.56,16,5.014,1,Semiárido,0
0.0657,20.99,33.24,47.01,13.48,0,0.432,3,Semiárido,1
0.2849,42.41,36.47,47.63,18.12,10,5.829,0,Semiárido,1
0.7556,53.48,81.83,27.63,14.12,15,0.498,5,Sul,1
0.6677,78.05,118.08,25.51,4.75,38,1.304,1,Amazônia,1
0.8245,94.7,194.51,40.38,18.67,32,5.206,5,Amazônia,1
0.6909,72.05,129.39,38.01,18.44,40,1.663,1,Amazônia,1
0.4442,16.69,31.79,26.61,28.73,5,3.806,2,Mata Atlântica,1
0.2917,41.17,53.71,25.98,9.12,1,0.665,9,Sul,1
0.7041,91.71,163.94,31.17,15.34,12,1.131,4,Amazônia,2
0.7555,44.21,33.07,25.81,16.32,16,6.617,5,Sul,0
0.744,39.1,55.54,38.35,16.3,11,0.179,0,Amazônia,1
0.2116,95.0,180.32,31.73,29.88,12,0.593,4,Sul,2
0.494,20.67,31.76,30.31,6.63,42,1.21,2,Cerrado,1
0.8891,72.98,129.04,30.56,21.2,25,0.102,3,Amazônia,1
0.5708,48.92,92.32,31.37,29.75,1,0.501,2,Mata Atlântica,1
0.4528,16.74,12.8,39.23,6.42,30,1.652,3,Cerrado,0
0.5257,55.21,96.39,26.36,23.2,18,0.488,2,Cerrado,1
0.3458,69.05,136.1,24.06,5.97,28,10.054,3,Cerrado,1
0.1596,11.67,2.57,46.97,2.93,10,0.342,2,Semiárido,1
0.6485,65.17,127.98,25.48,17.46,4,9.866,1,Mata Atlântica,1
0.4393,35.65,63.12,23.5,6.05,57,8.654,6,Cerrado,0
0.2544,30.21,25.52,30.53,37.5,3,0.531,2,Mata Atlântica,1
0.3279,27.55,35.53,45.34,23.19,9,0.128,5,Semiárido,1
0.6333,79.6,147.0,29.22,6.05,50,0.256,3,Cerrado,2
0.4817,6.39,17.7,27.19,9.14,49,4.463,3,Cerrado,0
0.9459,82.62,152.32,23.85,18.35,7,5.549,4,Amazônia,1
0.942,80.94,146.74,33.21,7.55,58,4.847,3,Amazônia,1
0.5291,9.65,6.25,22.54,34.9,14,3.899,4,Mata Atlântica,1
0.8308,91.52,142.66,41.33,10.8,17,0.96,1,Amazônia,2
0.6603,51.14,130.79,28.83,38.29,16,9.193,3,Mata Atlântica,1
0.1065,16.75,1.04,40.89,18.35,13,1.984,4,Semiárido,1
0.7013,65.76,110.12,38.21,0.68,55,21.408,5,Amazônia,1
0.7265,76.88,137.61,27.58,31.38,13,2.43,3,Mata Atlântica,2
0.4027,20.16,19.26,36.97,8.9,45,1.526,2,Cerrado,1
0.4929,62.57,105.96,19.98,23.19,0,11.233,3,Sul,1
0.4755,78.5,135.43,26.83,18.64,5,4.19,2,Mata Atlântica,1
0.2177,5.61,3.11,47.32,11.49,4,6.398,5,Semiárido,0
0.8143,71.88,130.86,22.41,20.79,14,2.625,6,Mata Atlântica,1
0.8977,62.26,118.21,26.34,14.89,27,10.898,6,Amazônia,1
0.8196,50.35,108.03,37.6,13.93,7,12.488,4,Mata Atlântica,1
0.3172,33.11,38.22,22.78,17.38,5,2.87,2,Sul,1
0.6707,31.33,56.87,35.97,38.82,4,1.377,1,Mata Atlântica,1
0.2257,10.25,26.91,34.13,14.55,5,5.216,4,Semiárido,0
0.6414,91.72,189.26,15.94,25.32,0,15.459,1,Sul,1
0.8728,95.0,209.36,31.48,12.28,1,4.87,2,Amazônia,1
0.6057,57.87,87.22,41.42,4.61,45,15.42,4,Amazônia,1
0.7596,20.16,19.66,30.23,20.74,18,2.107,2,Mata Atlântica,1
0.3913,44.47,51.5,26.36,4.71,7,12.33,1,Cerrado,0
0.2765,12.05,16.24,47.56,17.6,18,0.597,5,Semiárido,1
0.7516,95.0,184.06,27.8,8.31,5,2.222,4,Sul,1
0.669,87.12,119.68,31.16,23.83,6,3.411,4,Cerrado,1
0.6736,91.32,172.63,33.34,4.88,50,5.294,2,Amazônia,1
0.1051,26.24,20.57,36.89,16.52,8,1.742,2,Semiárido,1
0.4571,23.9,18.38,32.5,22.92,43,12.901,1,Cerrado,1
0.0965,12.36,30.22,45.02,6.2,7,11.691,1,Semiárido,0
0.4857,59.59,98.79,32.0,23.36,43,8.031,3,Cerrado,1
0.2026,56.63,97.2,27.06,24.2,3,0.607,1,Mata Atlântica,1
0.9427,72.28,141.6,37.17,24.01,20,0.408,4,Amazônia,2
0.2651,37.43,75.91,28.75,33.92,15,3.447,5,Mata Atlântica,1
0.6903,78.34,138.13,38.32,46.52,2,7.248,0,Mata Atlântica,2
0.3794,14.89,27.87,23.14,15.82,8,0.658,3,Mata Atlântica,1
0.8368,52.78,56.55,28.64,4.84,12,5.128,4,Amazônia,0
0.0736,17.23,13.9,35.26,5.66,1,3.752,2,Semiárido,0
0.3863,45.15,98.86,31.61,31.78,18,6.473,5,Sul,1
0.8389,24.58,41.13,35.17,3.91,34,2.858,5,Amazônia,0
0.8014,95.0,216.35,29.71,15.81,34,5.909,1,Amazônia,1
0.7502,95.0,166.19,39.43,11.23,32,0.869,3,Amazônia,2
0.7963,34.2,68.8,32.33,24.5,2,1.208,3,Mata Atlântica,1
0.6419,50.75,91.69,27.91,25.0,14,11.682,2,Mata Atlântica,1
0.7272,12.29,14.5,36.42,27.25,0,1.998,6,Mata Atlântica,1
0.8423,86.59,159.72,34.48,1.25,39,21.17,0,Amazônia,1
0.4879,51.33,100.1,37.99,1.57,43,0.237,2,Cerrado,1
0.7815,14.27,29.44,34.87,30.2,1,3.425,6,Mata Atlântica,1
0.6648,49.35,90.01,25.34,16.0,14,1.965,0,Mata Atlântica,1
0.6157,91.94,185.53,26.54,13.41,3,27.564,2,Sul,1
0.621,91.5,189.73,29.83,12.25,44,23.043,3,Amazônia,1
0.4692,51.55,100.88,31.26,13.92,8,1.341,5,Mata Atlântica,1
0.692,66.64,103.76,40.43,0.34,40,1.555,0,Cerrado,1
0.3904,49.89,93.39,29.2,12.74,66,6.925,0,Cerrado,1
0.2872,10.77,21.65,46.38,11.89,14,11.022,4,Semiárido,0
0.5073,50.19,96.55,29.27,15.67,4,5.449,1,Mata Atlântica,1
0.7848,83.98,161.8,27.85,10.97,1,10.002,6,Sul,1
0.7675,67.78,150.63,31.07,18.22,7,0.327,4,Amazônia,2
0.9251,71.8,107.34,33.94,17.52,23,5.116,2,Amazônia,1
0.2747,29.57,27.78,41.26,6.58,12,6.023,1,Semiárido,0
0.718,86.57,143.28,29.81,17.74,11,1.056,2,Mata Atlântica,2
0.4156,74.98,136.06,38.41,3.72,58,7.525,5,Cerrado,1
0.6286,59.34,145.39,22.59,3.04,59,14.436,2,Amazônia,1
0.6905,89.68,148.27,27.91,19.65,26,11.412,1,Amazônia,2
0.6265,64.29,134.64,27.41,25.52,14,1.405,3,Sul,2
0.821,49.47,100.6,40.41,19.2,59,1.958,4,Amazônia,1
0.6168,74.33,138.77,30.25,3.81,11,3.462,0,Cerrado,1
0.7919,92.3,156.8,39.78,22.87,1,0.862,6,Amazônia,2
0.5865,23.91,12.06,25.98,3.33,0,15.39,5,Cerrado,0
0.7036,45.9,63.03,26.43,21.75,42,0.881,3,Amazônia,1
0.7126,68.42,134.02,38.92,37.22,17,7.165,5,Mata Atlântica,1
0.9379,71.18,140.35,40.07,2.64,15,2.088,2,Amazônia,1
0.2111,17.3,9.97,33.78,7.17,17,4.263,5,Semiárido,0
0.9116,36.34,60.24,23.19,4.54,53,0.242,0,Amazônia,1
0.4507,46.03,63.62,23.81,16.33,2,1.147,3,Mata Atlântica,1
0.7873,64.43,105.13,29.73,38.53,3,2.938,3,Sul,1
0.3553,81.3,146.45,37.23,39.65,15,5.653,3,Mata Atlântica,2
0.3342,5.0,14.04,32.2,43.68,10,7.516,3,Mata Atlântica,1
0.4844,73.68,137.84,31.11,22.29,45,0.153,4,Cerrado,2
0.4304,66.8,126.88,33.68,15.75,46,0.827,2,Cerrado,1
0.7108,34.29,50.49,39.8,20.39,7,6.543,7,Mata Atlântica,1
0.4089,32.35,62.44,16.5,10.8,5,8.385,2,Sul,0
0.2244,5.0,7.43,35.89,37.76,17,1.35,2,Mata Atlântica,1
0.7966,14.85,2.52,40.54,25.28,5,1.305,3,Mata Atlântica,1
0.2676,7.72,1.26,47.45,19.92,5,0.461,8,Semiárido,1
0.5587,21.55,15.29,38.76,30.97,11,0.814,1,Mata Atlântica,1
0.7839,87.79,182.95,35.96,17.55,21,0.1,1,Amazônia,1
0.2424,82.91,135.48,22.29,34.92,13,4.456,5,Mata Atlântica,2
0.2324,95.0,196.15,15.98,35.7,5,11.711,3,Sul,2
0.8773,65.4,116.66,34.12,6.85,8,0.81,1,Amazônia,1
0.2464,21.93,30.0,32.05,37.62,18,6.96,3,Mata Atlântica,1
0.8379,70.62,118.36,32.56,22.3,1,4.263,4,Amazônia,1
0.5156,76.27,138.88,26.64,29.55,0,14.061,3,Mata Atlântica,1
0.7035,72.51,133.33,35.5,2.93,41,8.0,4,Amazônia,1
0.4719,84.71,146.01,27.33,13.48,6,9.577,5,Mata Atlântica,1
0.1736,21.94,1.15,32.98,14.81,6,5.096,2,Semiárido,0
0.5985,53.17,117.01,29.38,21.68,58,8.339,4,Cerrado,1
0.6652,54.98,117.45,35.44,30.12,19,2.161,7,Mata Atlântica,1
0.2074,12.25,18.69,34.14,18.78,15,1.172,5,Semiárido,1
0.4078,28.87,67.95,28.49,33.03,11,12.182,2,Sul,1
0.6057,65.39,122.96,26.01,3.56,4,6.628,2,Amazônia,0
0.5644,15.43,1.39,24.17,1.85,47,0.475,4,Cerrado,1
0.7132,25.84,35.22,26.15,14.9,9,10.084,5,Amazônia,1
0.5131,89.05,183.31,28.34,39.65,9,2.145,2,Sul,2
0.4604,95.0,177.81,24.87,14.76,4,1.771,3,Sul,1
0.841,81.68,155.22,35.21,24.55,1,4.882,3,Mata Atlântica,1
0.2882,25.57,28.21,46.39,0.99,9,4.204,4,Semiárido,0
0.4827,36.49,37.96,23.05,23.3,15,3.864,1,Mata Atlântica,1
0.6727,45.17,79.54,41.18,31.49,5,1.471,3,Mata Atlântica,2
0.9214,80.88,119.67,25.36,19.89,46,16.066,2,Amazônia,1
0.1732,17.99,25.45,41.68,0.84,19,14.991,3,Semiárido,0
0.6362,95.0,209.42,40.26,21.87,16,0.1,6,Amazônia,2
0.3189,7.46,11.56,34.22,11.79,8,2.061,4,Semiárido,0
0.2557,16.7,5.63,38.78,9.12,16,0.233,5,Semiárido,0
0.3077,7.71,6.27,44.49,8.67,9,9.494,4,Semiárido,0
0.6414,30.82,26.1,22.6,14.88,26,10.881,4,Amazônia,0
0.4989,54.95,107.3,34.26,13.26,38,3.652,5,Cerrado,1
0.3539,59.38,103.51,34.26,16.42,34,9.153,6,Cerrado,1
0.4984,20.71,35.01,36.51,14.34,64,6.076,2,Cerrado,1
0.6891,95.0,194.27,22.22,3.6,18,3.461,4,Amazônia,1
0.5956,32.29,60.57,22.97,37.17,18,2.261,3,Sul,1
0.8177,59.06,78.31,36.77,40.88,10,1.548,2,Mata Atlântica,1
0.542,5.0,1.59,24.82,16.58,21,1.502,3,Cerrado,0
0.5638,69.69,155.0,28.95,11.21,33,4.128,1,Cerrado,1
0.4607,72.27,120.25,34.77,4.57,8,0.912,2,Cerrado,1
0.7579,16.82,25.42,31.92,20.35,13,0.961,4,Mata Atlântica,1
0.8491,34.79,54.67,24.3,36.41,11,0.1,5,Mata Atlântica,1
0.6093,59.79,115.21,28.5,16.15,3,4.751,5,Sul,1
0.7168,55.25,122.66,37.63,10.8,12,25.875,1,Mata Atlântica,0
0.7081,83.2,162.4,32.49,12.02,19,11.001,3,Sul,1
0.431,92.38,158.98,28.3,13.81,9,6.116,6,Sul,1
0.6841,84.17,145.52,38.62,21.19,33,7.698,1,Amazônia,1
0.7415,49.52,82.87,29.21,9.09,16,2.697,5,Sul,1
0.7102,93.29,163.67,34.09,3.13,48,1.77,7,Amazônia,1
0.0891,7.93,14.1,32.41,16.11,15,2.299,3,Semiárido,0
0.4084,42.1,76.36,33.38,3.79,28,0.425,4,Cerrado,1
0.2939,95.0,181.38,16.5,9.44,18,5.023,4,Sul,1
0.3514,33.92,54.92,22.48,35.22,10,0.961,1,Sul,1
0.069,22.87,32.66,32.21,9.81,5,7.196,3,Semiárido,0
0.0895,17.35,37.29,36.9,14.16,3,1.053,1,Semiárido,1
0.3799,58.14,142.55,23.14,1.26,68,1.295,3,Cerrado,1
0.804,81.83,143.63,35.16,3.83,29,15.768,4,Amazônia,1
0.6192,45.86,74.6,32.98,8.01,39,0.557,3,Cerrado,1
0.7144,28.93,25.77,24.22,11.56,58,3.454,4,Amazônia,1
0.3419,10.93,9.74,29.29,45.11,11,0.324,2,Mata Atlântica,1
0.4717,55.59,112.85,25.57,4.68,63,0.474,1,Cerrado,1
0.3539,38.07,61.64,34.34,38.31,19,5.019,5,Sul,1
0.5266,64.89,105.73,41.03,23.67,11,4.981,1,Mata Atlântica,1
0.1428,14.46,13.89,40.21,7.39,8,1.073,7,Semiárido,1
0.6466,49.95,73.77,22.15,15.64,25,10.298,2,Amazônia,0
0.5015,73.68,157.8,21.42,38.85,7,6.056,3,Sul,1
0.2382,83.41,164.35,27.41,36.18,12,1.788,2,Sul,2
0.674,79.45,154.02,36.3,19.4,14,1.428,4,Mata Atlântica,2
0.4137,67.2,104.26,31.39,41.34,16,7.018,5,Mata Atlântica,1
0.0718,23.07,25.09,33.28,15.67,11,6.614,5,Semiárido,0
0.8637,95.0,163.51,36.67,14.23,19,0.806,3,Amazônia,2
0.571,53.08,118.5,32.36,31.22,10,2.148,2,Mata Atlântica,1
0.6735,31.74,45.54,38.09,0.28,63,1.221,5,Cerrado,1
0.8556,36.46,55.06,36.1,5.02,15,1.742,1,Amazônia,1
0.6349,29.46,31.91,26.88,10.14,22,1.695,4,Cerrado,1
0.6653,72.93,152.76,32.61,5.0,2,18.653,1,Amazônia,1
0.609,94.68,156.64,33.12,14.44,20,6.936,2,Amazônia,1
0.6996,62.97,116.31,31.02,17.81,50,7.572,3,Amazônia,1
0.7859,52.65,112.96,28.36,28.27,10,1.625,6,Sul,1
0.2584,72.48,137.73,26.47,15.06,12,0.1,2,Mata Atlântica,1
0.2858,13.96,14.22,29.85,27.8,19,0.3,1,Sul,1
0.4772,95.0,157.13,22.21,15.21,51,4.026,6,Cerrado,1
0.5397,84.73,145.93,40.34,24.64,50,1.681,3,Cerrado,2
0.4246,36.81,58.11,35.72,34.94,18,1.072,1,Mata Atlântica,2
0.6731,65.45,123.96,35.79,6.66,33,0.255,3,Cerrado,1
0.7675,33.63,35.25,33.45,3.16,41,10.433,5,Amazônia,0
0.8172,83.54,144.2,35.79,24.15,2,4.583,1,Mata Atlântica,1
0.7895,84.31,214.72,41.64,2.4,2,0.568,1,Amazônia,1
0.4439,49.0,74.48,29.7,46.19,0,7.271,3,Mata Atlântica,1
0.5894,73.13,138.4,36.25,13.69,3,7.049,2,Mata Atlântica,1
0.6369,76.0,168.28,29.19,23.94,9,1.708,5,Amazônia,2
0.805,55.98,85.67,39.09,24.1,15,1.044,5,Amazônia,1
0.2627,33.01,11.09,34.12,18.59,9,8.41,2,Semiárido,0
0.4657,17.87,7.51,40.05,49.77,8,1.999,1,Mata Atlântica,1
0.8232,95.0,211.13,22.11,21.63,8,9.401,2,Amazônia,1
0.4618,40.17,34.62,28.64,11.77,5,0.223,5,Sul,1
0.6146,36.31,72.49,24.68,22.75,5,3.459,4,Amazônia,1
0.652,31.01,78.91,31.08,29.59,2,0.99,3,Mata Atlântica,1
0.3643,73.87,128.95,22.54,11.24,9,5.574,6,Sul,1
0.6883,57.23,108.26,27.12,2.28,6,29.415,5,Amazônia,0
0.7077,36.66,82.83,36.47,22.87,14,2.659,3,Amazônia,1
0.8148,52.48,94.84,27.4,1.39,20,0.529,5,Amazônia,1
0.5128,28.56,28.04,39.08,7.4,51,1.911,1,Cerrado,0
0.8835,87.22,172.51,25.55,12.17,35,11.105,2,Amazônia,1
0.5701,32.79,64.0,29.34,15.88,13,7.257,5,Mata Atlântica,0
0.8556,91.34,182.88,34.44,22.67,28,1.321,1,Amazônia,2
0.3251,56.73,103.15,34.11,46.02,13,15.352,1,Mata Atlântica,1
0.6843,41.83,103.99,20.55,25.29,12,4.867,3,Sul,1
0.3385,8.89,0.07,34.51,24.84,18,0.92,7,Semiárido,1
0.2675,5.0,7.27,33.96,47.42,7,4.247,3,Mata Atlântica,1
0.4904,76.26,134.17,39.4,21.92,52,3.001,3,Cerrado,2
0.3357,69.46,158.3,39.35,30.75,8,8.566,4,Mata Atlântica,1
0.3994,52.46,75.6,32.92,45.28,11,2.109,4,Mata Atlântica,1
0.4816,77.24,155.13,40.22,6.03,18,10.396,1,Cerrado,1
0.6073,92.85,191.84,38.97,12.57,55,8.356,3,Amazônia,1
0.6606,58.52,101.56,19.82,17.87,3,5.614,4,Sul,1
0.3076,27.17,53.02,39.01,23.78,1,1.496,5,Cerrado,1
0.8683,70.91,129.09,38.42,1.52,19,17.588,2,Amazônia,0
0.4985,20.86,36.77,31.39,6.87,61,3.978,1,Cerrado,1
0.576,13.18,16.79,26.24,22.33,6,11.903,3,Cerrado,0
0.1013,27.9,32.25,40.96,12.0,9,1.215,3,Semiárido,1
0.084,17.04,35.54,35.01,15.0,2,20.485,2,Semiárido,1
0.2211,15.36,34.05,39.79,16.29,7,8.466,4,Semiárido,0
0.759,95.0,201.81,28.82,1.77,59,14.902,2,Amazônia,1
0.497,31.08,46.84,35.72,0.44,21,1.194,0,Cerrado,1
0.307,82.92,157.45,31.56,42.24,17,2.816,4,Mata Atlântica,2
0.6878,95.0,188.49,23.63,6.79,51,0.514,4,Amazônia,2
0.4801,42.53,70.56,24.83,9.51,9,0.737,2,Cerrado,1
0.3478,22.6,17.01,36.09,17.05,19,1.67,3,Semiárido,0
0.9393,36.5,56.59,28.57,5.91,4,15.144,3,Amazônia,0
0.5467,5.0,7.73,32.15,18.09,9,5.501,3,Mata Atlântica,0
0.6217,60.74,142.4,37.33,11.46,49,1.889,3,Amazônia,1
0.7188,52.08,58.65,37.02,21.42,47,15.458,0,Amazônia,1
0.7771,62.12,114.67,25.34,6.96,26,6.73,6,Amazônia,1
0.4595,34.83,37.91,20.23,34.6,9,11.875,4,Sul,1
0.1849,23.89,36.64,44.01,20.79,11,13.102,2,Semiárido,1
0.7266,88.15,172.95,21.52,21.69,18,6.947,3,Sul,1
0.7454,63.1,124.79,24.98,32.34,4,1.393,1,Mata Atlântica,1
0.7242,86.02,123.85,29.44,19.84,57,28.404,1,Amazônia,1
0.531,38.56,58.38,39.41,30.43,0,1.966,3,Mata Atlântica,1
0.6513,75.2,152.85,40.88,47.76,6,5.569,1,Mata Atlântica,2
0.0979,11.85,33.13,34.34,6.25,0,9.316,2,Semiárido,0
0.7452,50.98,55.42,23.59,19.11,31,0.963,5,Amazônia,1
0.3616,34.53,56.84,27.15,24.08,11,4.696,5,Mata Atlântica,1
0.8309,95.0,180.71,26.66,23.21,54,2.351,3,Amazônia,2
0.3179,87.99,156.51,26.78,3.76,3,1.4,5,Cerrado,1
0.3425,23.55,37.96,40.44,20.12,2,0.1,3,Semiárido,1
0.2339,71.72,123.95,33.66,19.23,14,10.278,10,Mata Atlântica,1
0.3584,34.57,64.69,24.45,4.65,27,0.73,2,Cerrado,1
0.4157,38.04,79.11,39.79,10.06,34,10.523,1,Cerrado,0
0.2054,45.26,57.08,34.4,25.37,1,4.59,1,Mata Atlântica,0
0.311,16.41,16.89,41.42,3.4,16,4.852,4,Semiárido,0
0.3557,22.48,18.33,23.87,29.2,3,8.82,2,Sul,0
0.3438,38.07,54.53,27.64,39.28,6,3.561,8,Sul,1
0.1789,18.61,7.72,32.53,2.65,14,2.21,2,Semiárido,0
0.4345,35.4,83.28,27.73,24.31,27,0.747,2,Cerrado,1
0.2828,76.88,157.43,26.8,12.28,5,4.225,2,Mata Atlântica,1
0.5165,45.44,83.69,32.33,16.46,74,4.028,4,Cerrado,1
0.3095,16.62,29.19,32.17,21.41,67,1.74,0,Cerrado,1
0.0664,23.78,22.76,38.05,23.35,0,4.582,2,Semiárido,1
0.6569,63.9,97.69,35.99,3.6,25,2.893,1,Amazônia,1
0.5651,95.0,193.44,34.99,15.62,19,8.187,5,Sul,1
0.6647,79.76,159.45,35.81,42.67,4,4.099,3,Mata Atlântica,2
0.6733,81.09,151.26,31.14,39.19,12,13.566,3,Mata Atlântica,2
0.6332,66.61,116.71,35.78,33.54,13,3.649,4,Mata Atlântica,1
0.766,86.02,156.31,20.93,25.43,1,10.924,1,Sul,1
0.7656,45.93,94.51,41.55,47.88,1,3.675,2,Mata Atlântica,1
0.5763,63.76,86.24,28.69,34.05,18,4.083,3,Mata Atlântica,1
0.7209,95.0,195.64,41.65,1.66,58,2.285,4,Amazônia,1
0.617,48.08,67.02,23.3,16.55,11,2.556,2,Mata Atlântica,1
0.7891,81.77,136.72,35.68,21.89,26,13.523,3,Amazônia,1
0.1411,14.5,0.51,45.96,0.28,1,1.263,2,Semiárido,1
0.8448,21.1,42.51,38.44,46.41,10,0.647,4,Mata Atlântica,1
0.3189,69.69,133.76,37.79,34.47,16,8.866,1,Mata Atlântica,1
0.7387,36.42,87.19,38.0,14.2,1,4.301,3,Amazônia,1
0.7037,35.79,49.43,23.89,18.27,40,1.675,4,Amazônia,1
0.3385,23.44,32.55,32.3,16.31,18,2.832,6,Semiárido,0
0.653,34.02,53.55,26.28,11.39,55,3.721,2,Amazônia,1
0.7515,32.87,29.11,22.51,9.57,47,4.484,2,Amazônia,0
0.8085,95.0,200.43,26.35,23.53,48,8.603,1,Amazônia,2
0.3151,78.37,154.86,26.57,16.98,18,2.507,3,Sul,2
0.0832,21.99,25.99,40.43,16.28,1,5.643,4,Semiárido,0
0.6386,29.12,74.45,26.37,4.93,3,9.002,4,Cerrado,0
0.5021,72.37,141.89,24.26,11.2,47,9.282,6,Cerrado,1
0.5992,5.0,25.77,34.92,12.41,42,1.467,4,Cerrado,1
0.2899,17.2,26.14,46.69,18.95,16,2.155,3,Semiárido,1
0.6719,17.04,0.44,34.02,42.42,1,4.518,2,Mata Atlântica,1
0.8205,95.0,210.07,35.82,12.87,2,10.848,3,Amazônia,1
0.89,80.09,164.66,33.22,17.01,47,7.814,5,Amazônia,1
0.8742,25.84,34.13,37.65,0.6,57,4.385,3,Amazônia,0
0.8276,5.0,1.8,41.52,34.93,16,20.593,3,Mata Atlântica,1
0.0656,17.17,15.81,32.68,5.29,5,2.89,3,Semiárido,0
0.5833,57.64,53.23,30.34,16.41,29,9.24,4,Cerrado,0
0.9063,67.76,94.59,39.21,2.85,41,8.53,1,Amazônia,1
0.9398,72.69,136.98,41.39,2.86,3,11.932,1,Amazônia,1
0.5351,95.0,194.86,21.87,10.21,7,21.982,0,Sul,1
0.622,9.22,15.53,33.56,22.76,28,3.423,2,Cerrado,1
0.3298,5.0,1.95,40.33,15.11,2,1.088,3,Semiárido,1
0.6918,85.53,159.78,32.67,29.59,1,3.089,5,Mata Atlântica,2
0.5902,74.49,151.12,30.18,19.69,52,9.617,2,Cerrado,1
0.8032,45.09,61.29,35.1,15.65,52,9.043,2,Amazônia,1
0.9276,79.6,125.49,27.4,15.5,5,2.047,2,Amazônia,1
0.4836,38.38,56.58,28.98,37.29,15,0.242,4,Mata Atlântica,1
0.3397,21.4,23.29,40.44,0.2,1,3.565,5,Semiárido,0
0.7316,18.08,47.36,34.73,24.17,12,3.213,2,Mata Atlântica,1
0.3888,39.38,51.48,39.46,42.07,3,0.448,3,Mata Atlântica,1
0.6077,63.34,137.47,38.16,16.56,51,7.921,2,Amazônia,1
0.8084,58.36,113.74,33.39,12.94,11,1.668,1,Sul,1
0.2528,23.07,11.87,44.31,11.25,14,5.189,1,Semiárido,0
0.6239,36.12,39.34,27.74,8.84,38,0.535,2,Cerrado,1
0.4951,18.42,26.74,22.85,13.56,4,9.856,4,Sul,0
0.7208,29.16,49.34,33.81,44.64,15,6.721,2,Mata Atlântica,1
0.7016,30.79,58.04,34.45,25.71,8,2.459,2,Mata Atlântica,1
0.3256,5.0,9.62,42.84,2.12,14,4.964,3,Semiárido,0
0.3212,10.5,12.27,32.94,20.68,3,1.038,2,Semiárido,1
0.265,68.0,156.0,27.73,22.01,16,21.141,2,Mata Atlântica,1
0.8098,78.42,138.49,34.04,19.34,47,7.951,0,Amazônia,2
0.6904,42.7,65.0,41.45,3.78,55,7.778,1,Cerrado,0
0.2607,68.8,119.5,18.75,25.64,19,0.833,4,Sul,1
0.6757,89.21,191.07,26.54,22.27,13,0.1,2,Amazônia,2
0.5696,30.76,66.7,28.1,22.45,29,4.402,2,Cerrado,1
0.5166,70.67,132.53,22.72,11.65,52,0.778,1,Cerrado,2
0.6374,44.33,74.4,29.98,21.75,45,7.58,1,Cerrado,1
0.6359,30.32,47.3,38.69,37.61,17,2.69,3,Mata Atlântica,1
0.8383,28.73,46.3,33.15,23.5,12,2.067,1,Sul,1
0.7236,94.47,155.73,26.73,8.22,10,0.383,2,Amazônia,1
0.8799,95.0,181.28,27.32,3.4,3,27.689,1,Amazônia,1
0.7941,95.0,152.5,26.42,19.35,57,15.619,3,Amazônia,1
0.4043,83.2,138.71,33.71,24.88,13,0.705,3,Sul,2
0.8328,62.13,84.71,38.1,34.74,17,2.023,3,Mata Atlântica,1
0.345,5.0,7.2,34.94,16.4,78,2.478,3,Cerrado,1
0.3294,23.05,18.26,37.1,18.65,19,1.761,3,Semiárido,1
0.7725,17.74,24.64,22.03,33.08,15,13.626,6,Sul,1
0.2844,5.0,14.08,42.42,8.4,3,6.389,7,Semiárido,0
0.5663,95.0,166.1,29.71,31.53,18,15.608,3,Sul,2
0.6152,72.82,143.37,22.18,14.86,74,10.377,2,Cerrado,1
0.2384,19.44,39.33,40.07,21.26,1,7.023,4,Semiárido,1
0.4319,59.38,115.92,38.94,21.72,16,5.97,3,Mata Atlântica,1
0.3229,19.57,35.06,37.79,11.77,3,10.056,7,Semiárido,0
0.2402,19.78,33.73,45.83,18.79,5,5.762,3,Semiárido,1
0.0716,25.54,38.08,37.09,2.18,17,1.046,4,Semiárido,1
0.2096,68.17,97.51,22.92,28.6,5,5.222,1,Mata Atlântica,1
0.8673,38.17,73.71,24.11,3.61,19,3.618,2,Amazônia,1
0.81,90.65,148.24,30.81,48.59,14,20.058,4,Mata Atlântica,2
0.713,50.67,74.54,27.59,10.38,0,3.566,3,Sul,1
0.2846,50.53,82.18,16.01,27.38,16,0.196,0,Sul,1
0.628,95.0,182.63,35.59,21.24,48,1.534,4,Amazônia,2
0.7546,46.21,79.42,25.07,8.37,42,12.468,2,Amazônia,1
0.6572,48.81,62.74,26.52,4.77,2,16.398,1,Amazônia,0
0.3374,28.71,31.19,37.86,11.63,2,6.519,3,Semiárido,0
0.2009,12.59,35.0,45.48,21.9,13,0.293,3,Semiárido,1
0.7353,95.0,200.23,27.75,1.72,30,0.119,2,Amazônia,1
0.4157,50.34,74.95,36.57,26.66,7,3.266,4,Mata Atlântica,1
0.1521,17.2,20.93,41.23,16.33,7,30.0,4,Semiárido,0
0.3068,27.81,36.97,32.09,8.94,8,10.174,1,Semiárido,0
0.8089,11.02,13.03,31.39,41.02,17,13.523,4,Mata Atlântica,1
0.722,48.59,109.14,28.46,44.82,6,4.885,5,Mata Atlântica,1
0.4773,55.08,126.46,30.25,28.25,9,9.799,9,Mata Atlântica,1
0.6505,67.69,153.98,36.19,24.2,1,1.926,3,Cerrado,1
0.7566,26.17,23.81,32.34,49.33,3,0.139,4,Mata Atlântica,1
0.5189,28.8,85.19,22.15,19.28,19,12.52,4,Mata Atlântica,1
0.3408,10.31,12.42,22.76,31.28,3,1.232,5,Sul,1
0.3103,70.96,147.6,23.32,38.62,13,6.519,6,Mata Atlântica,1
0.1896,10.45,5.97,42.02,0.2,4,5.379,6,Semiárido,0
0.9073,53.28,127.88,22.56,0.37,29,0.861,6,Amazônia,1
0.2722,44.97,69.82,37.42,21.7,18,1.089,3,Mata Atlântica,1
0.9359,95.0,214.54,32.69,1.86,44,1.995,4,Amazônia,1
0.617,79.08,132.04,32.11,7.63,48,7.072,6,Amazônia,1
0.0948,11.68,14.64,40.46,23.95,1,0.2,3,Semiárido,1
0.4587,52.6,95.39,20.21,39.74,14,2.613,4,Sul,1
0.6648,74.7,142.27,37.55,4.04,57,5.47,0,Amazônia,1
0.6994,16.25,9.46,39.83,14.02,34,0.941,3,Cerrado,1
0.329,11.89,3.5,35.77,13.98,7,0.636,1,Semiárido,1
0.616,91.13,186.01,29.07,11.31,39,2.473,5,Amazônia,1
0.419,60.76,105.64,23.2,20.09,7,1.688,2,Mata Atlântica,1
0.3189,23.31,21.07,45.11,18.85,4,5.236,5,Semiárido,0
0.2436,9.17,11.63,27.57,28.54,4,17.461,3,Mata Atlântica,0
0.627,55.42,92.41,23.1,6.74,8,0.1,1,Amazônia,1
0.4953,26.93,16.28,35.32,10.86,69,11.633,3,Cerrado,0
0.1765,16.59,2.08,46.83,12.19,8,2.839,1,Semiárido,1
0.2423,57.27,87.58,22.24,34.38,10,5.453,4,Mata Atlântica,1
0.7815,34.74,51.41,24.22,2.37,25,9.52,3,Amazônia,0
0.0613,5.0,2.52,46.26,3.16,11,4.26,5,Semiárido,0
0.7253,44.96,91.17,23.27,4.52,4,0.512,1,Amazônia,1
0.1288,22.19,21.18,32.2,5.09,15,0.758,7,Semiárido,1
0.8395,95.0,213.29,28.23,6.06,30,7.786,3,Amazônia,1
0.707,49.51,37.89,31.51,31.5,17,1.301,3,Sul,1
0.5139,35.54,38.91,37.2,11.39,13,4.209,4,Cerrado,0
0.3795,25.54,54.79,32.49,12.74,74,2.794,2,Cerrado,1
0.7942,16.4,27.59,28.13,7.72,37,1.809,4,Amazônia,0
0.363,70.87,93.8,30.12,22.68,60,7.732,2,Cerrado,1
0.5922,17.45,20.16,32.91,33.49,5,6.569,1,Sul,1
0.3321,58.95,106.85,34.0,38.67,6,5.194,2,Sul,1
0.3442,6.3,8.76,29.32,23.11,76,2.331,2,Cerrado,1
0.4871,73.37,111.87,36.28,4.08,79,1.284,3,Cerrado,1
0.1018,25.43,25.13,39.12,10.7,7,3.627,1,Semiárido,1
0.7681,32.9,64.0,15.52,9.54,3,8.494,5,Sul,0
0.8486,69.5,148.39,37.86,15.74,9,4.286,1,Mata Atlântica,1
0.511,67.01,120.01,34.62,0.22,6,17.556,2,Cerrado,1
0.507,42.5,70.71,30.37,20.4,21,0.1,5,Cerrado,1
0.735,27.64,24.16,29.8,32.78,18,30.0,3,Mata Atlântica,1
0.9349,38.27,52.57,24.39,24.89,1,5.879,4,Amazônia,1
0.264,41.39,73.71,37.59,14.62,4,8.939,2,Mata Atlântica,1
0.4607,11.13,12.05,37.22,14.5,58,2.039,5,Cerrado,1
0.2347,15.64,15.22,34.15,3.87,11,3.55,2,Semiárido,0
0.7376,95.0,204.96,39.25,12.88,13,7.972,3,Amazônia,1
0.2027,12.51,7.82,33.78,11.98,7,7.149,0,Mata Atlântica,0
0.2137,75.79,144.44,31.57,21.93,8,2.033,5,Mata Atlântica,2
0.5028,37.95,77.3,22.35,47.67,12,1.961,4,Mata Atlântica,1
0.8791,95.0,179.09,29.65,9.52,43,5.436,2,Amazônia,1
0.6484,59.14,114.62,34.81,43.0,5,13.565,1,Mata Atlântica,1
0.5676,67.69,141.74,23.79,13.04,5,2.888,3,Mata Atlântica,1
0.2504,7.21,0.05,31.19,32.45,10,2.177,4,Mata Atlântica,1
0.3057,61.96,110.06,41.87,26.0,9,11.254,6,Mata Atlântica,1
0.4522,66.45,122.72,36.33,42.26,13,5.745,3,Mata Atlântica,1
0.1926,19.81,14.14,34.38,10.63,5,2.457,3,Semiárido,1
0.5902,52.8,78.34,32.66,20.74,11,0.295,3,Cerrado,1
0.2799,28.48,17.68,37.61,23.57,8,6.391,3,Semiárido,0
0.2607,66.59,119.48,41.15,16.31,2,2.176,1,Mata Atlântica,1
0.6842,57.37,123.03,40.56,11.4,12,0.366,2,Amazônia,1
0.906,83.23,165.85,35.65,12.55,17,4.737,3,Amazônia,1
0.3418,61.34,130.63,23.98,18.08,27,1.95,4,Cerrado,1
0.2519,26.22,5.82,39.67,16.7,5,2.066,3,Semiárido,0
0.0641,41.01,33.25,40.37,5.57,12,3.262,1,Semiárido,1
0.2199,21.54,13.95,32.48,1.6,4,6.32,3,Semiárido,0
0.7371,16.87,0.01,26.16,20.41,3,1.617,4,Mata Atlântica,0
0.6882,79.77,149.09,35.92,6.53,44,0.422,5,Cerrado,2
0.8797,95.0,207.89,32.9,15.96,48,2.762,6,Amazônia,2
0.4293,42.34,99.25,22.35,20.71,5,0.282,1,Cerrado,1
0.4275,57.75,106.35,36.88,7.51,19,5.975,2,Cerrado,0
0.747,95.0,211.66,25.78,15.89,25,16.001,2,Amazônia,1
0.8024,28.9,36.63,38.5,2.7,14,5.376,2,Amazônia,0
0.232,53.87,97.55,29.1,28.64,11,1.611,7,Mata Atlântica,1
0.0521,43.23,38.85,32.31,1.45,3,1.003,4,Semiárido,1
0.7409,70.65,117.3,15.54,7.35,9,1.325,2,Sul,1
0.7501,37.71,55.95,29.56,19.45,8,1.253,3,Sul,1
0.641,74.31,146.17,34.24,18.4,11,1.883,2,Mata Atlântica,1
0.6485,72.98,109.06,30.45,3.03,33,0.512,3,Cerrado,1
0.5322,60.61,111.88,23.93,36.95,18,11.303,2,Mata Atlântica,1
0.3368,26.65,30.8,43.05,7.49,1,10.819,1,Semiárido,0
0.741,74.69,141.58,27.65,7.8,14,4.776,1,Amazônia,1
0.3079,37.94,68.57,41.77,19.47,64,0.32,5,Cerrado,1
0.3361,14.72,9.73,41.86,0.14,0,8.148,3,Semiárido,0
0.4948,40.15,100.87,36.71,18.73,64,0.319,6,Cerrado,2
0.5563,56.3,129.09,41.42,13.86,11,0.563,1,Mata Atlântica,1
0.4945,83.07,154.61,24.11,46.74,11,1.967,3,Mata Atlântica,2
0.6466,80.18,126.8,27.6,15.67,34,2.824,4,Amazônia,1
0.6637,69.97,125.79,27.06,8.34,56,2.184,4,Cerrado,1
0.5049,70.93,146.73,23.44,10.68,39,0.903,2,Cerrado,1
0.9079,50.59,114.69,41.44,24.24,53,0.595,1,Amazônia,2
0.9175,52.17,78.96,23.2,22.03,51,9.81,3,Amazônia,1
0.2305,23.52,39.73,32.57,11.59,17,2.256,3,Semiárido,1
0.6536,85.69,155.19,37.36,23.58,67,1.233,4,Cerrado,2
0.6047,84.94,158.01,29.52,39.44,12,3.337,2,Mata Atlântica,2
0.6673,60.54,102.78,22.38,22.53,11,0.188,6,Cerrado,1
0.7594,21.26,24.19,21.43,32.18,2,4.585,4,Sul,0
0.6915,27.64,32.06,26.08,21.44,22,1.428,5,Cerrado,1
0.6521,26.94,39.37,31.88,22.29,32,4.559,3,Cerrado,1
0.5041,34.72,65.56,23.02,16.02,1,4.761,1,Sul,0
0.0616,6.16,8.51,32.3,24.13,6,8.283,1,Semiárido,0
0.6565,71.93,178.22,37.44,8.34,21,1.306,3,Amazônia,1
0.211,18.77,22.47,44.62,11.0,13,3.113,3,Semiárido,0
0.5459,65.03,94.33,25.21,38.17,18,16.336,6,Mata Atlântica,1
0.2697,59.75,96.61,38.0,40.93,16,6.494,1,Mata Atlântica,1
0.6735,47.7,78.92,28.65,22.33,21,18.514,3,Amazônia,1
0.8598,13.9,21.51,27.74,10.01,11,13.112,6,Amazônia,0
0.1788,18.7,1.6,45.1,9.33,17,4.718,5,Semiárido,0
0.3139,37.56,62.73,40.68,17.71,10,1.532,2,Mata Atlântica,1
0.3399,54.18,69.49,40.3,11.57,67,7.072,4,Cerrado,1
0.0593,8.12,13.13,45.83,18.1,10,5.989,2,Semiárido,1
0.3341,19.82,34.8,47.91,7.53,9,4.444,2,Semiárido,0
0.8432,55.16,114.26,23.86,11.57,54,5.984,1,Amazônia,1
0.824,28.27,66.28,41.22,39.93,13,4.754,3,Mata Atlântica,1
0.8787,20.04,38.58,26.3,19.32,11,3.663,2,Amazônia,1
0.3286,23.84,28.63,43.73,1.51,3,2.689,6,Semiárido,0
0.203,37.62,73.3,39.78,42.37,9,0.229,5,Mata Atlântica,2
0.7679,60.62,179.24,29.39,22.78,5,10.038,3,Sul,1
0.6466,87.79,152.24,35.95,1.04,14,10.032,4,Amazônia,1
0.6915,69.57,160.7,24.42,21.34,31,4.508,5,Amazônia,1
0.3859,41.97,59.96,31.72,12.19,58,1.559,4,Cerrado,1
0.5067,65.86,122.34,38.33,14.98,1,0.143,4,Cerrado,1
0.7798,95.0,155.71,33.45,18.3,23,0.1,1,Amazônia,2
0.3575,77.06,129.98,17.32,25.78,19,0.379,4,Sul,2
0.6023,55.9,109.87,25.44,18.27,51,2.231,2,Amazônia,1
0.4512,50.2,100.81,39.28,19.06,11,1.044,5,Cerrado,1
0.163,30.54,18.74,33.5,14.73,13,1.54,2,Semiárido,1
0.3354,45.08,103.14,36.12,9.14,38,6.014,5,Cerrado,0
0.0501,18.1,14.46,43.13,6.08,0,15.989,6,Semiárido,0
0.8047,95.0,206.56,32.65,22.57,36,1.158,3,Amazônia,2
0.8365,65.42,127.97,41.54,13.95,13,3.133,3,Mata Atlântica,1
0.661,95.0,205.65,28.59,8.94,52,23.826,2,Amazônia,1
0.7651,93.06,179.39,35.5,2.81,36,13.417,5,Amazônia,1
0.7759,95.0,199.87,28.58,36.69,3,2.172,2,Sul,2
0.819,30.73,43.17,24.43,16.77,20,1.926,1,Amazônia,1
0.3369,40.58,59.92,37.67,16.76,19,1.386,4,Mata Atlântica,1
0.3756,51.87,90.47,38.88,19.5,66,0.844,4,Cerrado,2
0.4878,62.7,127.55,35.37,23.08,55,3.081,5,Cerrado,1
0.7439,15.41,11.84,22.86,14.25,14,2.086,3,Sul,0
0.6687,77.7,161.51,26.81,0.23,22,6.829,1,Amazônia,1
0.246,23.52,43.49,40.22,12.04,11,1.352,1,Mata Atlântica,1
0.4601,89.16,180.08,21.98,25.47,12,6.665,7,Sul,2
0.575,39.52,67.05,38.38,31.65,17,1.699,1,Mata Atlântica,1
0.7557,50.54,88.56,29.99,13.96,13,4.491,1,Sul,1
0.8089,28.4,24.36,40.79,17.5,50,5.086,4,Amazônia,0
0.3299,27.56,47.39,40.29,23.92,21,5.57,2,Cerrado,1
0.4843,18.62,15.49,22.87,4.1,37,0.964,6,Cerrado,0
0.062,18.21,15.99,38.69,3.19,1,1.661,5,Semiárido,1
0.5674,34.85,65.38,21.19,18.31,16,1.413,1,Sul,1
0.6956,68.57,127.55,26.31,24.2,28,4.292,2,Cerrado,1
0.401,88.44,154.93,31.2,13.76,4,0.394,1,Mata Atlântica,2
0.6941,67.52,123.26,33.53,5.7,15,3.652,6,Amazônia,1
0.4201,54.84,94.67,28.52,40.8,19,0.458,3,Mata Atlântica,2
0.6921,53.9,109.0,33.51,33.62,0,2.055,2,Mata Atlântica,1
0.5535,95.0,176.17,21.16,12.38,19,5.803,7,Sul,1
0.77,73.37,150.81,22.45,16.75,15,2.66,1,Mata Atlântica,1
0.4763,48.47,113.99,33.42,22.33,5,1.645,2,Cerrado,1
0.7493,35.54,41.04,32.35,5.38,50,4.784,6,Amazônia,0
0.8154,30.99,48.2,35.79,18.99,39,6.741,2,Amazônia,1
0.6286,95.0,215.46,35.0,1.21,54,1.469,2,Amazônia,2
0.5373,48.19,93.62,39.95,20.45,44,1.779,1,Cerrado,2
0.6053,95.0,185.97,32.32,13.1,18,5.112,2,Sul,1
0.4325,59.05,101.66,22.17,44.9,2,16.794,3,Mata Atlântica,1
0.7489,66.33,114.26,34.61,12.25,8,1.203,5,Mata Atlântica,1
0.6991,85.73,163.74,35.5,1.27,17,5.31,2,Amazônia,1
0.6722,95.0,199.78,29.38,15.95,7,11.854,4,Sul,1
0.1649,27.62,14.15,36.12,12.11,3,3.099,2,Semiárido,1
0.6049,68.97,134.15,28.47,21.99,8,1.905,4,Amazônia,1
0.0561,9.25,23.99,32.84,20.36,3,5.496,2,Semiárido,1
0.7255,81.73,142.54,35.29,23.62,11,0.16,5,Mata Atlântica,2
0.8795,35.52,47.41,26.9,15.45,55,2.233,6,Amazônia,1
0.3805,69.16,128.24,31.13,39.44,7,1.492,1,Mata Atlântica,2
0.4144,30.75,37.37,31.83,43.46,9,1.272,3,Mata Atlântica,1
0.6538,34.65,60.76,31.54,5.57,10,0.991,4,Amazônia,1
0.692,53.11,94.49,18.87,23.41,13,6.679,3,Sul,1
0.1971,13.62,10.28,32.93,23.16,15,15.517,5,Semiárido,1
0.5314,20.55,33.62,41.79,44.11,6,2.429,6,Mata Atlântica,1
0.727,40.17,45.45,36.33,39.99,15,0.252,5,Mata Atlântica,1
0.5019,65.64,147.27,30.51,9.87,0,6.345,4,Cerrado,1
0.2805,59.95,68.34,25.83,30.46,19,3.863,4,Mata Atlântica,1
0.5669,59.71,93.92,23.6,32.77,18,6.43,3,Mata Atlântica,1
0.8521,25.25,64.84,35.44,11.06,3,5.219,2,Amazônia,0
0.7154,35.73,60.55,28.34,39.69,8,11.792,2,Mata Atlântica,1
0.2531,17.17,18.73,38.0,11.71,7,0.757,5,Semiárido,1
0.6204,63.04,109.79,29.6,30.29,8,0.927,5,Mata Atlântica,2
0.6809,85.04,182.49,33.86,21.06,1,2.089,3,Amazônia,2
0.2303,12.97,5.96,42.28,24.97,9,3.38,1,Semiárido,1
0.6897,67.77,129.22,34.9,16.2,55,12.999,4,Amazônia,1
0.6564,66.25,136.73,39.27,6.26,15,11.874,6,Cerrado,1
0.6483,80.04,169.53,26.38,5.97,2,10.274,4,Amazônia,1
0.6299,29.07,25.79,34.73,1.44,35,1.259,4,Cerrado,0
0.1595,5.0,7.35,42.92,1.93,7,6.541,2,Semiárido,0
0.4698,76.39,137.66,32.96,18.5,4,2.418,5,Mata Atlântica,2
0.6837,81.42,143.08,33.68,2.41,4,13.382,2,Amazônia,1
0.8226,52.08,96.42,22.09,24.29,19,1.207,1,Sul,1
0.4628,81.91,157.28,23.28,27.73,8,0.761,2,Sul,2
0.769,40.52,46.68,21.68,6.22,8,9.238,4,Sul,0
0.7437,26.49,48.68,24.97,4.28,35,6.31,2,Amazônia,0
0.5561,37.65,71.41,30.69,35.48,16,8.614,5,Mata Atlântica,1
0.2156,40.64,76.14,26.25,24.72,7,0.86,9,Sul,2
0.2715,23.32,8.79,38.69,6.4,0,10.805,2,Semiárido,0
0.9271,71.04,111.54,36.5,7.6,11,5.66,3,Amazônia,0
0.7062,66.36,148.56,38.54,14.68,15,5.271,0,Amazônia,1
0.2336,56.4,84.37,26.08,24.47,15,4.368,2,Mata Atlântica,1
0.3372,65.6,107.91,17.29,30.78,1,7.238,6,Sul,1
0.2483,40.15,38.99,37.17,39.56,12,2.686,4,Mata Atlântica,1
0.3878,58.47,99.85,37.07,33.06,1,0.713,1,Mata Atlântica,2
0.7377,90.96,178.89,23.2,14.57,26,3.875,1,Amazônia,1
0.568,85.38,145.68,28.45,42.13,6,6.894,2,Mata Atlântica,2
0.143,26.34,23.64,35.92,4.89,10,0.834,6,Semiárido,1
0.6164,65.18,81.89,38.58,20.25,19,1.268,0,Cerrado,1
0.0773,31.01,29.35,43.58,10.37,16,5.963,3,Semiárido,1
0.3589,29.22,39.59,18.84,34.6,16,1.571,1,Sul,1
0.7766,95.0,212.45,41.93,19.03,48,0.931,2,Amazônia,2
0.7519,24.94,43.09,37.61,15.24,15,11.009,2,Mata Atlântica,0
0.4052,61.21,137.92,35.33,24.9,63,0.877,4,Cerrado,2
0.2277,23.46,33.4,33.99,19.52,19,2.109,4,Semiárido,1
0.3152,60.43,94.64,23.34,34.68,18,2.797,3,Mata Atlântica,1
0.7675,54.39,97.73,33.46,33.95,8,3.233,1,Mata Atlântica,1
0.121,25.38,15.86,32.43,11.29,5,2.242,1,Semiárido,1
0.4594,35.47,50.09,29.02,3.17,61,12.183,1,Cerrado,0
0.4645,28.98,48.85,33.2,5.87,4,5.374,1,Sul,0
0.3703,69.65,129.69,31.27,46.54,4,2.227,7,Mata Atlântica,1
0.9182,80.39,146.54,37.04,23.61,50,2.214,2,Amazônia,2
0.7182,63.61,115.49,29.96,33.51,0,3.495,0,Mata Atlântica,1
0.1285,25.17,30.72,43.52,13.07,5,0.171,1,Semiárido,1
0.6096,31.14,60.05,31.23,1.79,3,13.062,3,Cerrado,0
0.6933,88.49,180.31,28.16,27.78,18,1.264,2,Sul,2
0.3931,65.6,82.57,31.96,29.5,4,5.98,4,Sul,1
0.3821,67.33,104.5,26.11,24.77,56,7.519,5,Cerrado,1
0.3209,54.42,123.67,28.24,25.85,19,8.783,0,Sul,1
0.7187,67.97,169.19,40.56,20.25,42,0.905,5,Amazônia,2
0.6219,77.04,146.14,24.47,15.69,7,3.847,3,Amazônia,1
0.7702,65.05,105.39,27.08,23.98,25,0.437,1,Amazônia,2
0.733,42.41,80.46,26.39,5.3,7,8.168,4,Sul,0
0.8471,85.6,148.35,33.42,21.08,2,3.332,1,Mata Atlântica,2
0.7109,55.78,99.67,30.21,10.22,26,0.863,7,Amazônia,1
0.5752,74.03,143.73,23.6,13.54,30,6.341,4,Cerrado,1
0.7213,39.13,50.78,34.58,30.07,0,2.011,2,Mata Atlântica,1
0.7059,64.27,128.75,23.98,12.44,49,0.608,2,Amazônia,1
0.694,81.2,161.7,19.92,21.91,12,3.091,3,Sul,2
0.3222,31.53,35.57,40.45,2.03,14,1.341,2,Semiárido,1
0.495,10.85,2.43,31.87,29.46,7,15.001,1,Mata Atlântica,0
0.5867,54.39,64.07,30.28,12.31,14,2.242,6,Sul,1
0.5966,72.14,124.49,34.78,22.01,35,4.248,4,Cerrado,1
0.4129,35.65,45.36,24.7,5.12,0,14.817,4,Sul,0
0.8,15.53,13.04,30.22,25.25,10,2.502,2,Mata Atlântica,1
0.3751,33.91,37.21,33.93,47.18,19,2.217,3,Mata Atlântica,1
0.7752,46.02,84.92,34.12,3.44,40,0.886,3,Amazônia,1
0.6357,76.07,140.38,32.39,21.53,3,13.928,3,Sul,1
0.4542,31.6,63.66,24.5,1.18,13,8.066,2,Cerrado,0
0.642,95.0,174.03,26.73,9.35,37,1.249,3,Amazônia,1
0.7092,41.69,64.6,35.56,2.07,41,2.022,5,Amazônia,1
0.3782,56.18,66.71,33.53,22.77,9,12.32,4,Mata Atlântica,1
0.2738,56.46,60.11,37.15,32.32,17,3.853,4,Mata Atlântica,1
0.1959,27.06,24.11,44.48,24.9,0,4.063,1,Semiárido,1
0.426,65.95,121.88,16.04,37.07,6,5.223,0,Sul,1
0.7151,62.73,132.65,29.54,5.97,35,7.181,1,Amazônia,1
0.2379,24.67,16.36,40.74,22.78,7,14.008,1,Semiárido,0
0.8631,93.63,180.29,38.62,23.08,9,8.103,4,Amazônia,1
0.754,38.47,53.17,16.33,39.86,18,13.632,3,Sul,1
0.3337,33.52,21.29,46.51,13.61,5,8.591,6,Semiárido,0
0.8246,25.08,47.68,25.89,17.06,10,0.238,3,Mata Atlântica,1
0.2824,16.39,30.32,46.08,2.21,18,0.625,3,Semiárido,1
0.3529,68.48,132.82,30.16,22.42,59,10.809,5,Cerrado,1
0.508,87.22,155.44,26.25,23.36,15,0.14,3,Mata Atlântica,2
0.266,20.52,13.37,35.32,10.86,15,7.904,3,Semiárido,0
0.2184,23.99,46.55,26.89,16.24,9,9.48,2,Mata Atlântica,0
0.5123,59.8,96.24,40.87,16.1,63,2.685,6,Cerrado,1
0.2841,56.78,124.05,29.35,30.36,17,2.191,1,Mata Atlântica,1
0.2353,13.23,21.85,40.45,18.29,2,1.081,4,Semiárido,1
0.4149,54.9,100.81,28.9,15.39,42,0.251,4,Cerrado,1
0.8511,56.09,111.15,38.14,5.79,45,6.84,3,Amazônia,1
0.3387,23.87,14.84,45.02,6.56,15,0.383,4,Semiárido,0
0.3171,24.97,27.9,46.87,18.1,8,14.472,0,Semiárido,0
0.7342,95.0,177.29,38.97,20.07,38,1.76,5,Amazônia,2
0.6589,47.48,86.8,24.04,2.9,48,7.905,1,Amazônia,1
0.8928,93.71,186.31,40.48,4.68,42,0.308,6,Amazônia,2
0.3782,61.31,91.59,34.49,17.01,4,3.842,4,Cerrado,1
0.4546,44.67,77.87,39.38,15.98,13,2.147,5,Mata Atlântica,1
0.2243,39.85,39.37,39.86,14.08,1,0.152,0,Semiárido,1
0.4449,43.11,63.32,26.04,48.13,10,5.333,1,Mata Atlântica,1
0.6083,5.0,20.18,34.19,37.74,7,14.338,2,Mata Atlântica,1
0.405,54.98,78.22,23.82,20.14,42,0.1,2,Cerrado,2
0.2598,27.04,21.43,35.56,7.0,14,1.577,6,Semiárido,0
0.4235,32.29,32.3,30.18,27.32,12,6.08,4,Mata Atlântica,1
0.5991,53.6,129.55,20.75,19.65,7,10.25,1,Sul,1
0.7596,21.24,36.4,41.58,49.93,12,1.058,1,Mata Atlântica,1
0.8936,95.0,214.38,40.02,21.14,57,0.367,1,Amazônia,2
0.5597,14.54,24.79,39.87,34.86,0,0.1,3,Mata Atlântica,1
0.6131,62.9,85.73,37.78,4.02,6,1.212,3,Cerrado,1
0.4373,32.28,49.22,35.84,30.17,12,0.37,2,Mata Atlântica,1
0.9077,40.47,67.68,35.1,14.37,29,2.227,4,Amazônia,0
0.8539,23.89,20.84,24.12,2.29,27,2.9,2,Amazônia,0
0.8422,70.72,123.56,33.08,16.0,15,3.269,1,Sul,1
0.7427,5.0,20.81,39.62,16.95,32,0.768,2,Amazônia,1
0.1928,5.5,1.47,38.15,15.35,6,3.118,2,Semiárido,1
0.6792,23.48,54.52,40.55,21.91,7,0.1,2,Cerrado,1
0.5936,16.66,7.6,33.06,46.79,17,1.368,4,Mata Atlântica,1
0.5151,70.64,138.49,30.95,46.57,16,2.303,1,Mata Atlântica,2
0.2688,22.47,27.17,41.36,10.43,4,0.63,2,Mata Atlântica,0
0.5033,61.06,148.92,31.28,2.82,14,8.41,1,Cerrado,1
0.6871,74.98,148.4,34.83,10.31,46,1.123,1,Amazônia,2
0.9297,69.97,112.31,29.46,14.85,38,7.03,2,Amazônia,1
0.6279,75.22,118.68,34.73,0.81,30,3.211,1,Cerrado,1
0.2472,79.52,140.29,36.4,44.42,5,3.267,2,Mata Atlântica,2
0.6642,47.31,105.58,19.96,6.58,13,5.181,6,Sul,0
0.6569,64.02,96.69,21.17,17.61,1,0.226,4,Sul,1
0.164,29.63,30.45,40.96,13.33,8,0.41,2,Semiárido,1
0.2006,26.41,38.17,44.09,14.7,12,1.979,6,Semiárido,1
0.482,44.17,110.81,40.17,34.48,19,2.696,3,Mata Atlântica,1
0.6869,35.64,39.62,22.14,19.1,56,2.81,2,Cerrado,1
0.3517,15.49,22.51,22.97,26.19,1,5.649,5,Sul,0
0.8118,29.52,36.86,24.4,38.5,2,0.1,2,Mata Atlântica,1
0.5827,29.72,42.17,40.46,13.18,12,15.984,2,Mata Atlântica,0
0.7542,44.91,49.72,35.25,5.0,16,0.959,3,Amazônia,1
0.5208,56.89,105.36,41.04,2.22,38,1.429,5,Cerrado,1
0.7237,18.31,18.55,33.66,46.18,3,11.803,1,Mata Atlântica,1
0.3051,86.51,140.55,31.37,13.79,17,0.1,5,Sul,2
0.3903,50.19,100.01,37.85,17.88,12,23.726,1,Mata Atlântica,0
0.6236,37.67,46.54,25.22,3.27,21,0.183,5,Cerrado,1
0.4051,72.1,140.12,31.6,9.61,5,0.642,3,Sul,1
0.6257,76.89,164.79,31.33,16.97,53,1.373,2,Amazônia,2
0.5863,19.17,20.15,27.97,15.35,57,2.888,4,Cerrado,0
0.8084,59.31,96.3,29.43,17.21,25,3.654,4,Amazônia,1
0.3302,37.45,36.57,38.31,8.05,13,0.553,3,Semiárido,1
0.2082,63.21,91.1,22.45,5.22,3,0.383,2,Sul,1
0.3011,36.08,62.57,28.71,11.29,45,0.162,7,Cerrado,1
0.5779,46.74,98.21,34.98,19.47,7,1.484,4,Sul,1
0.441,49.49,92.49,25.65,23.72,51,12.725,2,Cerrado,1
0.3512,52.87,115.1,19.96,38.9,12,2.47,4,Sul,1
0.1869,15.69,16.35,39.57,16.54,16,7.22,1,Semiárido,0
0.1012,8.22,2.1,44.3,23.62,13,1.055,4,Semiárido,1
0.6898,81.46,144.41,34.23,13.54,11,0.334,0,Amazônia,2
0.8391,5.0,10.64,27.38,19.26,19,4.04,0,Sul,0
0.0942,13.83,21.34,38.66,7.88,0,8.632,2,Semiárido,0
0.4995,72.86,151.06,27.71,13.97,68,11.437,6,Cerrado,1
0.2197,36.45,37.31,36.61,15.13,18,3.951,3,Semiárido,1
0.4087,54.9,118.39,25.12,10.99,21,1.741,2,Cerrado,1
0.266,95.0,184.09,24.34,9.42,9,0.58,6,Sul,1
0.9222,50.31,90.94,35.46,10.67,20,5.51,4,Amazônia,1
0.3338,29.5,24.54,44.83,6.84,4,1.646,3,Semiárido,0
0.2477,68.74,118.75,24.74,24.96,15,9.288,5,Mata Atlântica,1
0.6715,95.0,204.65,31.72,24.26,10,4.646,2,Amazônia,1
0.7465,68.87,139.28,26.16,20.61,55,9.791,2,Amazônia,1
0.6769,92.6,214.33,38.07,15.39,43,4.181,3,Amazônia,1
0.5156,67.9,123.03,33.46,12.23,15,7.386,2,Mata Atlântica,0
0.6284,77.03,138.13,34.25,20.26,38,1.743,4,Cerrado,2
0.2535,23.93,58.37,31.26,45.91,1,3.496,4,Mata Atlântica,1
0.3745,38.35,84.09,27.12,9.65,9,0.1,1,Cerrado,1
0.3503,20.56,18.78,33.79,13.87,39,4.68,2,Cerrado,0
0.0528,30.34,38.77,33.49,2.47,15,3.815,7,Semiárido,1
0.6237,66.78,142.35,29.42,24.13,47,7.038,4,Amazônia,1
0.2724,52.91,104.51,20.04,19.46,19,6.527,1,Sul,1
0.3379,37.6,93.03,23.87,16.43,6,4.939,3,Sul,1
0.5075,31.79,23.69,24.97,18.4,10,0.292,4,Mata Atlântica,1
0.8296,45.84,101.72,32.9,35.73,5,11.666,6,Mata Atlântica,1
0.7017,64.53,110.42,16.59,16.14,1,0.1,6,Sul,1
0.7221,55.56,100.85,36.06,7.33,3,8.13,1,Amazônia,0
0.7312,95.0,175.23,22.38,13.19,26,3.263,6,Amazônia,1
0.8175,95.0,210.69,35.41,1.34,5,8.519,2,Amazônia,1
0.2958,26.69,35.64,44.82,24.8,1,3.128,2,Semiárido,1
0.6387,54.19,127.11,23.3,10.6,40,5.206,3,Amazônia,1
0.7561,61.58,147.58,36.49,11.07,12,2.257,2,Mata Atlântica,1
0.8027,58.47,96.14,33.47,27.2,12,6.807,3,Sul,1
0.2589,77.09,179.02,25.21,7.13,2,1.466,3,Sul,2
0.2737,14.36,13.61,32.39,43.27,5,6.353,3,Mata Atlântica,1
0.6665,28.07,21.95,32.6,24.89,43,1.075,2,Amazônia,1
0.3088,25.99,22.04,34.41,19.3,0,6.404,5,Semiárido,0
0.3361,67.34,137.85,28.47,10.72,6,1.738,4,Mata Atlântica,1
0.8808,94.16,213.1,22.74,1.69,32,1.633,0,Amazônia,1
0.7194,39.59,56.13,26.6,17.42,57,8.343,2,Amazônia,1
0.7061,38.94,40.05,28.18,14.85,8,8.402,3,Sul,0
0.7045,49.39,98.32,28.71,37.77,17,5.879,2,Mata Atlântica,1
0.3212,13.34,21.49,44.38,18.37,0,12.879,4,Semiárido,0
0.7184,95.0,196.86,24.64,22.18,10,0.849,4,Sul,2
0.5873,18.06,7.68,40.72,15.35,10,1.569,1,Mata Atlântica,0
0.4045,76.91,125.59,41.97,28.22,9,1.741,2,Mata Atlântica,1
0.6967,28.06,61.55,30.68,16.99,38,1.821,4,Cerrado,1
0.379,5.8,17.14,26.54,22.34,42,1.988,5,Cerrado,1
0.5302,84.19,122.03,33.2,4.76,36,5.97,4,Cerrado,1
0.1269,18.96,22.83,34.65,7.42,9,1.579,2,Semiárido,0
0.4672,54.74,93.98,31.31,46.9,11,1.684,3,Mata Atlântica,1
0.6962,86.48,180.42,15.34,27.45,5,4.225,2,Sul,1
0.679,15.03,2.44,24.69,24.29,1,1.074,2,Cerrado,1
0.7049,68.65,112.13,30.41,29.83,5,2.27,3,Mata Atlântica,1
0.4414,52.41,88.02,29.74,14.27,19,0.298,4,Mata Atlântica,1
0.2256,71.26,104.13,29.03,15.91,7,15.24,1,Mata Atlântica,1
0.1659,25.23,39.26,38.73,19.52,4,1.909,2,Semiárido,1
0.8472,46.01,83.84,23.19,13.84,8,9.487,1,Amazônia,1
0.2775,20.91,19.92,41.44,45.74,1,3.775,2,Mata Atlântica,1
0.6024,67.58,118.48,22.16,12.54,26,1.295,2,Amazônia,1
0.4355,51.48,87.24,40.91,14.97,6,1.075,5,Cerrado,1
0.8045,44.47,98.45,32.96,34.87,8,5.937,5,Mata Atlântica,1
0.6596,80.38,149.35,36.05,25.46,7,16.743,4,Mata Atlântica,1
0.4143,72.87,144.9,24.41,18.03,10,1.011,5,Sul,2
0.454,46.96,91.54,35.08,47.02,9,0.613,4,Mata Atlântica,1
0.1404,15.08,10.61,48.0,3.65,16,2.448,4,Semiárido,0
0.591,74.83,159.54,24.79,29.24,19,2.503,0,Mata Atlântica,1
0.6366,50.43,108.93,24.54,49.84,12,8.206,1,Mata Atlântica,1
0.6817,18.31,64.32,28.08,8.83,31,3.164,2,Amazônia,0
0.4461,64.69,89.57,25.23,20.18,35,0.322,3,Cerrado,1
0.4571,44.69,66.53,24.21,12.65,15,12.671,2,Cerrado,0
0.339,73.67,142.13,35.57,19.31,12,2.336,9,Mata Atlântica,2
0.702,85.89,178.7,26.28,21.95,59,5.521,2,Amazônia,2
0.7461,25.55,84.83,35.34,9.21,26,5.505,3,Amazônia,0
0.6074,65.28,134.43,39.24,21.48,50,0.29,6,Cerrado,2
0.6966,57.11,91.05,19.38,16.17,14,0.1,7,Sul,1
0.3845,70.06,115.55,24.39,5.2,6,0.461,3,Cerrado,1
0.2529,77.31,136.78,33.47,34.77,7,15.679,4,Mata Atlântica,2
0.7156,70.1,129.42,29.87,7.13,40,7.899,5,Amazônia,0
0.4778,28.77,18.35,28.87,47.72,16,0.708,1,Mata Atlântica,1
0.507,68.64,134.79,28.37,2.16,65,4.771,1,Cerrado,1
0.6211,49.91,68.7,40.59,6.04,33,4.733,3,Amazônia,0
0.5054,16.19,20.38,36.85,11.29,18,0.1,1,Mata Atlântica,1
0.7043,63.05,132.21,24.68,20.95,6,2.802,3,Amazônia,1
0.7121,66.42,141.83,31.52,21.54,4,6.22,3,Amazônia,1
0.6575,90.13,195.01,28.36,6.75,20,1.034,3,Amazônia,1
0.8741,95.0,183.52,41.56,16.52,5,9.516,1,Amazônia,1
0.6429,67.84,140.31,41.56,5.76,44,5.399,4,Amazônia,1
0.6721,63.33,135.51,28.39,15.57,12,0.1,3,Cerrado,1
0.0887,33.26,38.62,39.28,22.18,13,9.652,2,Semiárido,1
0.5832,70.3,126.88,33.99,42.09,12,0.1,0,Mata Atlântica,2
0.4239,53.25,78.21,31.59,15.47,2,10.943,2,Mata Atlântica,1
0.5703,67.3,117.05,26.26,20.68,17,2.03,2,Cerrado,1
0.7918,29.91,57.05,32.16,9.68,4,5.997,3,Sul,0
0.6159,35.86,55.54,28.68,17.28,38,7.742,1,Cerrado,0
0.6272,35.49,53.88,35.07,19.26,37,1.651,2,Amazônia,1
0.8231,5.21,5.65,29.67,47.6,8,2.204,4,Mata Atlântica,1
0.6864,10.36,20.23,36.0,19.25,15,3.562,2,Amazônia,1
0.5134,51.69,103.71,35.36,8.79,18,4.37,2,Cerrado,0
0.5994,57.75,69.2,32.18,16.92,17,1.727,5,Mata Atlântica,1
0.6418,95.0,199.19,19.15,6.58,1,24.395,3,Sul,1
0.4283,28.79,19.64,31.22,28.07,9,6.678,4,Mata Atlântica,0
0.1588,10.6,9.57,41.97,22.5,9,1.602,1,Semiárido,1
0.6447,68.39,112.8,16.06,28.33,2,5.114,7,Sul,1
0.9272,92.25,165.06,26.92,19.53,6,2.858,4,Amazônia,2
0.5384,70.15,115.56,23.26,22.74,16,9.842,1,Cerrado,1
0.4842,44.74,69.6,36.23,6.09,47,1.995,6,Cerrado,1
0.4458,68.47,104.39,29.35,14.49,54,1.04,4,Cerrado,1
0.4412,27.93,32.78,23.87,12.04,8,0.236,3,Cerrado,1
0.4806,71.3,104.7,32.75,8.99,12,20.773,4,Sul,0
0.2096,5.0,0.05,43.02,9.48,11,2.225,4,Semiárido,0
0.2912,26.99,31.25,31.04,35.83,2,1.246,5,Mata Atlântica,1
0.3794,58.55,101.83,26.95,10.07,51,3.384,3,Cerrado,1
0.0704,9.66,15.74,47.68,2.78,4,1.724,2,Semiárido,1
0.7135,77.26,137.76,26.64,36.1,1,1.326,3,Sul,2
0.1144,7.31,20.31,38.67,2.98,10,4.791,4,Semiárido,0
0.6586,38.37,73.93,25.77,0.81,4,0.389,2,Amazônia,1
0.7928,5.0,2.71,33.37,12.84,0,3.556,7,Mata Atlântica,0
0.7762,56.08,73.94,41.23,16.8,59,2.45,2,Amazônia,1
0.4637,68.29,132.32,34.74,3.17,63,3.802,4,Cerrado,1
0.8588,91.9,142.05,30.8,15.3,21,1.932,3,Amazônia,1
0.7736,46.48,66.12,36.33,45.95,1,4.224,0,Mata Atlântica,1
0.8218,69.62,123.29,38.49,16.82,8,0.427,4,Mata Atlântica,1
0.7915,32.64,60.13,33.81,10.1,21,2.359,2,Amazônia,1
0.306,70.8,152.18,39.44,18.88,16,1.356,2,Cerrado,2
0.3224,79.59,143.9,32.29,13.65,4,2.882,1,Mata Atlântica,2
0.398,20.95,25.34,38.6,3.67,13,2.54,2,Cerrado,0
0.6139,26.55,59.97,41.04,24.9,31,4.987,3,Amazônia,1
0.6244,61.75,140.55,32.02,18.34,30,4.955,1,Cerrado,1
0.3332,6.41,8.97,34.81,11.6,8,2.667,1,Semiárido,0
0.9338,95.0,158.69,34.19,15.75,40,1.002,4,Amazônia,2
0.7233,95.0,178.47,37.63,21.16,21,4.36,3,Amazônia,1
0.5841,59.36,104.99,38.46,21.06,55,16.983,4,Cerrado,1
0.5035,76.28,143.19,19.29,16.65,14,1.026,2,Sul,2
0.7278,8.98,3.67,36.67,49.14,8,0.358,2,Mata Atlântica,1
0.3013,12.8,22.6,37.68,31.04,15,1.536,4,Mata Atlântica,1
0.4471,53.01,70.42,36.01,1.8,1,2.663,1,Cerrado,1
0.2418,45.5,45.12,36.27,32.94,7,1.828,4,Mata Atlântica,1
0.638,22.37,42.93,22.83,10.82,50,9.0,3,Amazônia,1
0.6265,17.1,17.07,30.84,18.33,13,3.396,3,Mata Atlântica,1
0.7557,31.76,55.8,31.33,6.45,3,1.413,1,Sul,1
0.3642,71.75,143.25,40.68,33.5,9,14.999,3,Mata Atlântica,1
0.4127,69.79,110.67,34.63,6.62,15,0.668,2,Sul,1
0.1005,8.02,18.73,44.43,17.13,3,0.656,2,Semiárido,1
0.6672,58.57,98.64,38.09,9.63,11,1.407,4,Amazônia,1
0.7273,21.07,11.53,21.97,6.56,1,0.399,4,Sul,0
0.9283,38.66,65.56,34.38,1.71,36,6.965,4,Amazônia,0
0.2944,88.98,158.03,22.37,23.52,10,1.876,3,Mata Atlântica,2
0.9106,78.29,147.65,36.48,5.88,50,6.544,4,Amazônia,1
0.8189,80.23,133.09,37.46,18.49,38,7.193,6,Amazônia,1
0.5086,54.51,124.7,36.46,5.68,36,1.356,2,Cerrado,1
0.6733,74.16,147.3,37.32,11.45,3,3.653,2,Cerrado,1
0.2326,64.37,120.89,30.62,40.54,19,3.666,4,Mata Atlântica,1
0.5956,37.68,107.92,41.88,44.07,18,10.254,4,Mata Atlântica,1
0.8225,95.0,213.33,37.42,18.07,2,0.13,1,Amazônia,2
0.7246,78.68,165.42,33.57,10.73,21,1.905,1,Amazônia,2
0.431,24.43,15.07,40.68,18.17,1,10.706,3,Mata Atlântica,0
0.6643,68.63,141.43,40.16,17.24,31,1.351,2,Cerrado,1
0.3203,11.09,16.8,47.24,21.87,16,0.736,8,Semiárido,1
0.2326,19.46,6.42,33.27,39.7,14,4.292,3,Mata Atlântica,1
0.24,5.0,16.62,44.6,23.27,12,1.826,3,Semiárido,1
0.4405,29.02,78.29,28.57,14.34,11,3.149,3,Mata Atlântica,1
0.3839,70.28,138.97,27.02,3.67,73,8.574,2,Cerrado,1
0.7926,60.74,137.1,32.25,42.46,19,3.677,5,Mata Atlântica,2
0.3356,58.05,130.52,33.56,20.36,15,3.627,2,Cerrado,1
0.3233,19.05,9.82,26.89,21.95,62,1.63,3,Cerrado,1
0.1708,33.94,37.24,38.28,23.12,8,7.872,7,Semiárido,1
0.5883,79.99,140.09,33.15,12.73,32,6.732,4,Cerrado,1
0.0768,19.49,1.37,47.23,16.38,15,1.334,2,Semiárido,1
0.1793,34.82,32.75,42.04,0.24,19,1.928,1,Semiárido,1
0.5732,63.61,155.4,16.43,26.71,2,7.771,1,Sul,1
0.5255,81.27,148.86,32.0,19.23,7,2.214,4,Sul,2
0.6745,76.19,154.95,28.34,24.06,13,2.584,1,Cerrado,2
0.322,19.52,34.1,34.85,22.54,7,2.266,1,Cerrado,1
0.3337,28.37,30.55,34.15,44.83,4,0.881,5,Mata Atlântica,1
0.6565,44.21,105.72,33.69,1.42,0,2.084,5,Cerrado,1
0.4934,13.65,38.86,32.51,18.3,14,8.121,3,Mata Atlântica,1
0.1359,32.28,37.87,39.31,17.4,6,3.377,3,Semiárido,1
0.3695,14.7,1.75,27.61,15.39,11,3.064,2,Mata Atlântica,1
0.5868,11.51,0.92,32.48,5.9,79,0.85,6,Cerrado,1
0.6195,90.72,193.07,37.79,22.19,31,0.977,5,Amazônia,2
0.6247,51.45,78.09,30.64,3.24,22,0.219,1,Cerrado,1
0.6843,95.0,176.73,26.08,1.28,24,0.1,3,Amazônia,1
0.7379,25.2,31.93,30.45,31.57,7,3.347,4,Sul,1
0.3401,30.52,65.87,35.26,23.66,35,2.632,3,Cerrado,1
0.6515,50.2,95.92,30.47,20.87,26,1.611,3,Amazônia,1
0.7043,83.85,147.73,24.51,24.37,45,23.049,3,Amazônia,2
0.5481,91.62,156.2,35.49,14.5,18,2.537,0,Mata Atlântica,1
0.3498,52.8,99.9,26.15,35.57,4,7.776,3,Mata Atlântica,1
0.3092,19.05,24.29,32.18,23.67,24,1.182,1,Cerrado,1
0.7694,86.29,170.68,28.12,10.67,4,1.419,0,Amazônia,2
0.3595,51.33,86.1,40.63,8.75,60,4.201,4,Cerrado,1
0.5234,22.43,37.58,26.57,11.2,32,0.1,4,Cerrado,1
0.8492,8.75,48.19,30.4,15.64,18,0.1,3,Mata Atlântica,1
0.2466,37.37,39.22,41.19,37.98,11,0.767,2,Mata Atlântica,2
0.638,71.64,104.03,28.37,8.94,11,1.262,3,Cerrado,1
0.672,58.71,117.94,34.89,11.56,28,3.752,1,Amazônia,1
0.8312,81.17,175.35,27.48,34.12,2,5.795,1,Sul,2
0.8365,47.2,84.24,24.21,13.61,6,1.869,3,Mata Atlântica,1
0.6257,66.04,126.59,34.55,11.88,19,1.366,3,Mata Atlântica,1
0.7939,58.79,89.82,40.32,11.36,38,8.653,3,Amazônia,1
0.3391,75.15,142.36,31.05,33.53,4,0.888,0,Mata Atlântica,2
0.6684,33.66,66.01,34.52,11.17,14,5.671,3,Amazônia,0
0.2928,68.59,152.1,34.18,30.23,18,13.392,3,Mata Atlântica,1
0.2657,94.23,170.07,21.94,32.38,10,1.321,1,Sul,2
0.349,87.06,158.97,34.3,23.2,1,0.455,2,Cerrado,2
0.7302,63.64,99.35,27.19,12.29,12,19.5,3,Amazônia,1
0.8659,59.98,127.01,29.56,20.82,55,1.579,0,Amazônia,1
0.4736,62.18,82.44,30.85,18.3,27,1.612,2,Cerrado,1
0.9332,88.95,204.38,39.28,8.27,25,3.306,5,Amazônia,1
0.8583,41.01,55.74,28.97,14.68,5,1.314,2,Amazônia,1
0.1671,11.47,36.84,37.74,16.67,15,24.719,5,Semiárido,1
0.5029,10.34,14.66,26.27,14.31,0,0.22,1,Mata Atlântica,0
0.5128,24.01,3.35,27.05,9.9,41,3.003,5,Cerrado,0
0.7409,72.44,122.74,22.08,21.09,2,3.974,2,Sul,1
0.7628,28.14,49.53,37.25,15.93,47,3.146,2,Amazônia,1
0.5858,33.03,59.8,22.53,13.82,16,3.675,4,Sul,1
0.6341,47.14,79.95,28.7,6.25,32,21.942,1,Cerrado,0
0.6198,95.0,190.53,18.36,33.5,2,10.474,2,Sul,2
0.8409,58.68,85.08,24.72,46.38,6,1.844,3,Mata Atlântica,2
0.188,15.49,20.1,44.38,4.83,9,4.009,6,Semiárido,0
0.7762,22.27,55.37,20.38,9.32,2,0.1,4,Sul,1
0.3012,31.8,45.2,35.8,9.1,25,2.635,2,Cerrado,0
0.3639,79.75,161.51,34.26,25.14,4,0.895,1,Sul,2
0.3434,65.06,144.02,36.56,3.66,52,6.213,3,Cerrado,1
0.4891,65.12,116.04,28.03,1.11,26,1.249,2,Cerrado,1
0.5709,80.74,159.38,29.07,0.87,10,6.909,4,Cerrado,1
0.318,34.43,48.35,29.82,11.65,5,1.878,3,Mata Atlântica,1
0.8841,95.0,206.82,22.62,4.75,5,13.007,4,Amazônia,1
0.7414,57.75,96.49,40.27,20.37,17,2.948,6,Mata Atlântica,1
0.5994,32.42,72.5,23.47,17.04,5,9.148,0,Mata Atlântica,1
0.0903,5.64,4.98,38.56,8.12,8,4.947,4,Semiárido,0
0.2434,14.33,13.8,43.42,20.84,15,18.949,4,Semiárido,0
0.4157,89.69,144.66,38.87,12.62,3,6.788,6,Cerrado,1
0.4014,33.39,37.65,33.07,2.29,71,6.504,3,Cerrado,0
0.4324,31.37,28.06,36.51,7.39,79,1.539,5,Cerrado,0
0.8596,77.03,122.52,28.05,24.33,34,3.515,4,Amazônia,1
0.8818,77.11,84.24,36.91,24.42,4,1.713,2,Amazônia,1
0.4761,64.87,119.99,28.87,6.37,73,0.1,5,Cerrado,1
0.505,42.06,45.53,40.06,4.18,65,6.199,3,Cerrado,1
0.7081,95.0,191.03,34.85,28.3,9,1.345,2,Sul,2
0.21,45.92,61.49,28.32,31.84,3,2.532,2,Mata Atlântica,1
0.4005,86.16,136.34,31.98,10.25,26,1.675,4,Cerrado,2
0.3953,62.75,123.42,37.52,19.93,8,1.113,2,Mata Atlântica,1
0.8621,63.06,125.51,36.98,5.8,4,0.347,4,Amazônia,1
0.5967,32.56,43.99,26.21,2.87,74,2.062,4,Cerrado,1
0.5046,76.76,150.08,24.88,10.28,4,0.426,0,Mata Atlântica,2
0.4762,60.06,104.53,28.08,33.65,4,3.886,3,Mata Atlântica,1
0.3936,93.08,155.28,31.68,3.44,76,0.1,7,Cerrado,2
0.3119,55.81,109.2,23.38,20.68,1,14.069,2,Sul,1
0.6955,28.87,46.88,17.07,38.27,13,16.977,5,Sul,1
0.8436,70.53,130.1,35.26,42.29,10,1.817,5,Mata Atlântica,2
0.7056,32.71,53.97,30.55,49.05,18,1.507,2,Mata Atlântica,1
0.3924,64.8,154.24,40.93,13.06,10,0.551,4,Mata Atlântica,1
0.6756,69.86,141.89,27.22,14.58,44,11.765,5,Amazônia,1
0.5862,71.41,122.99,34.55,11.08,8,4.42,4,Cerrado,0
0.8503,32.33,23.83,34.23,2.03,1,4.71,5,Amazônia,0
0.5584,25.41,54.23,27.63,35.95,18,11.31,4,Mata Atlântica,1
0.5935,47.86,103.7,30.23,45.61,2,12.084,1,Mata Atlântica,1
0.7663,90.11,175.72,29.31,2.17,30,8.811,1,Amazônia,1
0.6421,68.34,164.88,29.32,12.78,8,7.424,4,Sul,1
0.39,58.48,114.5,29.53,23.12,2,10.488,6,Sul,1
0.2038,5.0,6.51,39.98,5.21,18,10.436,4,Semiárido,0
0.643,80.29,130.54,25.57,15.18,14,2.299,1,Mata Atlântica,1
0.4271,83.4,175.03,30.66,23.3,12,18.133,1,Sul,1
0.6432,65.04,92.0,30.44,16.17,30,6.174,2,Amazônia,1
0.0538,22.64,8.21,37.22,23.74,7,2.312,2,Semiárido,1
0.6003,76.68,158.08,24.62,4.28,1,2.917,0,Amazônia,1
0.184,14.9,29.64,47.82,10.43,8,5.81,3,Semiárido,0
0.4416,57.93,108.86,36.13,14.39,22,2.24,3,Cerrado,1
0.7545,54.09,98.83,33.81,20.05,8,8.76,2,Sul,1
0.3428,90.7,171.45,30.33,35.61,11,0.801,3,Sul,2
0.8937,26.4,49.74,24.36,10.1,0,11.908,2,Amazônia,1
0.6802,64.55,106.88,23.04,42.45,16,1.792,4,Mata Atlântica,1
0.3375,94.01,180.16,24.63,14.94,8,0.829,1,Sul,2
0.4557,75.71,150.55,34.45,40.84,7,9.76,4,Mata Atlântica,2
0.2417,77.06,160.06,28.38,26.24,5,1.369,1,Sul,2
0.3471,66.43,127.41,37.96,39.16,8,9.27,0,Mata Atlântica,1
0.6263,69.25,144.73,35.73,18.58,47,1.757,2,Cerrado,2
0.4802,59.56,108.01,41.72,1.24,52,13.58,1,Cerrado,1
0.8007,20.5,21.59,24.76,5.03,0,1.236,3,Amazônia,0
0.1511,16.41,9.5,45.75,7.3,13,0.361,2,Semiárido,1
0.6275,78.5,119.61,27.5,14.86,11,13.786,3,Cerrado,1
0.2482,39.81,67.91,22.38,21.9,12,0.905,2,Mata Atlântica,1
0.8449,69.71,113.68,40.65,33.97,12,14.424,0,Mata Atlântica,1
0.6261,74.94,138.83,28.08,24.46,15,8.686,1,Mata Atlântica,1
0.5524,38.87,67.7,31.54,39.21,11,0.427,4,Sul,1
0.6976,51.88,94.23,21.25,32.55,17,2.945,1,Sul,1
0.3869,33.19,52.05,26.92,13.63,19,0.381,0,Cerrado,1
